Gene,Category,Source
TNF,Cytokine,HUGO_599
TNFSF10,Cytokine,HUGO_599
TNFSF11,Cytokine,HUGO_599
TNFSF12,Cytokine,HUGO_599
TNFSF13,Cytokine,HUGO_599
TNFSF13B,Cytokine,HUGO_599
TNFSF14,Cytokine,HUGO_599
TNFSF15,Cytokine,HUGO_599
TNFSF18,Cytokine,HUGO_599
TNFSF8,Cytokine,HUGO_599
TNFSF9,Cytokine,HUGO_599
LTA,Cytokine,HUGO_599
LTB,Cytokine,HUGO_599
FASLG,Cytokine,HUGO_599
CD40LG,Cytokine,HUGO_599
IL1A,Cytokine,HUGO_599
IL1B,Cytokine,HUGO_599
IL2,Cytokine,HUGO_599
IL4,Cytokine,HUGO_599
IL5,Cytokine,HUGO_599
IL6,Cytokine,HUGO_599
IL7,Cytokine,HUGO_599
IL10,Cytokine,HUGO_599
IL11,Cytokine,HUGO_599
IL12A,Cytokine,HUGO_599
IL12B,Cytokine,HUGO_599
IL13,Cytokine,HUGO_599
IL15,Cytokine,HUGO_599
IL17A,Cytokine,HUGO_599
IL17B,Cytokine,HUGO_599
IL17F,Cytokine,HUGO_599
IL18,Cytokine,HUGO_599
IL19,Cytokine,HUGO_599
IL20,Cytokine,HUGO_599
IL21,Cytokine,HUGO_599
IL22,Cytokine,HUGO_599
IL23A,Cytokine,HUGO_599
IL24,Cytokine,HUGO_599
IL25,Cytokine,HUGO_599
IL27,Cytokine,HUGO_599
IL31,Cytokine,HUGO_599
IL32,Cytokine,HUGO_599
IL33,Cytokine,HUGO_599
IL34,Cytokine,HUGO_599
IL36A,Cytokine,HUGO_599
IL36B,Cytokine,HUGO_599
IL36G,Cytokine,HUGO_599
IL37,Cytokine,HUGO_599
IL1RN,Cytokine,HUGO_599
TGFB1,Cytokine,HUGO_599
TGFB2,Cytokine,HUGO_599
TGFB3,Cytokine,HUGO_599
BMP2,Cytokine,HUGO_599
BMP4,Cytokine,HUGO_599
BMP6,Cytokine,HUGO_599
BMP7,Cytokine,HUGO_599
GDF15,Cytokine,HUGO_599
INHBA,Cytokine,HUGO_599
INHBB,Cytokine,HUGO_599
IFNA1,Cytokine,HUGO_599
IFNA2,Cytokine,HUGO_599
IFNB1,Cytokine,HUGO_599
IFNG,Cytokine,HUGO_599
IFNL1,Cytokine,HUGO_599
IFNL2,Cytokine,HUGO_599
IFNL3,Cytokine,HUGO_599
LIF,Cytokine,HUGO_599
OSM,Cytokine,HUGO_599
CSF1,Cytokine,HUGO_599
CSF2,Cytokine,HUGO_599
CSF3,Cytokine,HUGO_599
CXCL1,Chemokine_ligand,HUGO_600
CXCL2,Chemokine_ligand,HUGO_600
CXCL3,Chemokine_ligand,HUGO_600
CXCL5,Chemokine_ligand,HUGO_600
CXCL6,Chemokine_ligand,HUGO_600
CXCL8,Chemokine_ligand,HUGO_600
CXCL9,Chemokine_ligand,HUGO_600
CXCL10,Chemokine_ligand,HUGO_600
CXCL11,Chemokine_ligand,HUGO_600
CXCL12,Chemokine_ligand,HUGO_600
CXCL13,Chemokine_ligand,HUGO_600
CXCL14,Chemokine_ligand,HUGO_600
CXCL16,Chemokine_ligand,HUGO_600
CXCL17,Chemokine_ligand,HUGO_600
CCL1,Chemokine_ligand,HUGO_601
CCL2,Chemokine_ligand,HUGO_601
CCL3,Chemokine_ligand,HUGO_601
CCL4,Chemokine_ligand,HUGO_601
CCL5,Chemokine_ligand,HUGO_601
CCL7,Chemokine_ligand,HUGO_601
CCL8,Chemokine_ligand,HUGO_601
CCL11,Chemokine_ligand,HUGO_601
CCL13,Chemokine_ligand,HUGO_601
CCL14,Chemokine_ligand,HUGO_601
CCL15,Chemokine_ligand,HUGO_601
CCL16,Chemokine_ligand,HUGO_601
CCL17,Chemokine_ligand,HUGO_601
CCL18,Chemokine_ligand,HUGO_601
CCL19,Chemokine_ligand,HUGO_601
CCL20,Chemokine_ligand,HUGO_601
CCL21,Chemokine_ligand,HUGO_601
CCL22,Chemokine_ligand,HUGO_601
CCL23,Chemokine_ligand,HUGO_601
CCL24,Chemokine_ligand,HUGO_601
CCL25,Chemokine_ligand,HUGO_601
CCL26,Chemokine_ligand,HUGO_601
CCL27,Chemokine_ligand,HUGO_601
CCL28,Chemokine_ligand,HUGO_601
CX3CL1,Chemokine_ligand,HUGO_602
XCL1,Chemokine_ligand,HUGO_602
XCL2,Chemokine_ligand,HUGO_602
CXCR1,Chemokine_receptor,HUGO_chemR
CXCR2,Chemokine_receptor,HUGO_chemR
CXCR3,Chemokine_receptor,HUGO_chemR
CXCR4,Chemokine_receptor,HUGO_chemR
CXCR5,Chemokine_receptor,HUGO_chemR
CXCR6,Chemokine_receptor,HUGO_chemR
CCR1,Chemokine_receptor,HUGO_chemR
CCR2,Chemokine_receptor,HUGO_chemR
CCR3,Chemokine_receptor,HUGO_chemR
CCR4,Chemokine_receptor,HUGO_chemR
CCR5,Chemokine_receptor,HUGO_chemR
CCR6,Chemokine_receptor,HUGO_chemR
CCR7,Chemokine_receptor,HUGO_chemR
CCR8,Chemokine_receptor,HUGO_chemR
CCR9,Chemokine_receptor,HUGO_chemR
CCR10,Chemokine_receptor,HUGO_chemR
CX3CR1,Chemokine_receptor,HUGO_chemR
XCR1,Chemokine_receptor,HUGO_chemR
HLA-A,MHC_class_I,HUGO_590
HLA-B,MHC_class_I,HUGO_590
HLA-C,MHC_class_I,HUGO_590
HLA-E,MHC_class_I,HUGO_590
HLA-F,MHC_class_I,HUGO_590
HLA-G,MHC_class_I,HUGO_590
B2M,MHC_class_I,HUGO_590
TAP1,MHC_class_I,HUGO_590
TAP2,MHC_class_I,HUGO_590
TAPBP,MHC_class_I,HUGO_590
PSMB8,MHC_class_I,HUGO_590
PSMB9,MHC_class_I,HUGO_590
CALR,MHC_class_I,curated_accessory
CANX,MHC_class_I,curated_accessory
HLA-DRA,MHC_class_II,HUGO_591
HLA-DRB1,MHC_class_II,HUGO_591
HLA-DRB5,MHC_class_II,HUGO_591
HLA-DPA1,MHC_class_II,HUGO_591
HLA-DPB1,MHC_class_II,HUGO_591
HLA-DQA1,MHC_class_II,HUGO_591
HLA-DQB1,MHC_class_II,HUGO_591
HLA-DMA,MHC_class_II,HUGO_591
HLA-DMB,MHC_class_II,HUGO_591
HLA-DOA,MHC_class_II,HUGO_591
HLA-DOB,MHC_class_II,HUGO_591
CIITA,MHC_class_II,curated_regulator
CD74,MHC_class_II,curated_accessory
CDH1,Adhesion,HUGO_463
CDH2,Adhesion,HUGO_463
CDH5,Adhesion,HUGO_463
CDH11,Adhesion,HUGO_463
CDH13,Adhesion,HUGO_463
CDH17,Adhesion,HUGO_463
CLDN1,Adhesion,HUGO_761
CLDN3,Adhesion,HUGO_761
CLDN4,Adhesion,HUGO_761
CLDN5,Adhesion,HUGO_761
CLDN7,Adhesion,HUGO_761
CLDN11,Adhesion,HUGO_761
ITGA1,Adhesion,HUGO_465
ITGA2,Adhesion,HUGO_465
ITGA3,Adhesion,HUGO_465
ITGA5,Adhesion,HUGO_465
ITGA6,Adhesion,HUGO_465
ITGAV,Adhesion,HUGO_465
ITGAE,Adhesion,HUGO_465
ITGB1,Adhesion,HUGO_465
ITGB3,Adhesion,HUGO_465
ITGB4,Adhesion,HUGO_465
ITGB5,Adhesion,HUGO_465
ITGB6,Adhesion,HUGO_465
ITGB7,Adhesion,HUGO_465
ITGB8,Adhesion,HUGO_465
ICAM1,Adhesion,curated_CAM
ICAM2,Adhesion,curated_CAM
ICAM3,Adhesion,curated_CAM
VCAM1,Adhesion,curated_CAM
NCAM1,Adhesion,curated_CAM
PECAM1,Adhesion,curated_CAM
SELE,Adhesion,curated_selectin
SELL,Adhesion,curated_selectin
SELP,Adhesion,curated_selectin
OCLN,Adhesion,curated_TJ
COL1A1,ECM,HUGO_459
COL1A2,ECM,HUGO_459
COL3A1,ECM,HUGO_459
COL4A1,ECM,HUGO_459
COL4A2,ECM,HUGO_459
COL4A5,ECM,HUGO_459
COL5A1,ECM,HUGO_459
COL5A2,ECM,HUGO_459
COL6A1,ECM,HUGO_459
COL6A2,ECM,HUGO_459
COL6A3,ECM,HUGO_459
COL10A1,ECM,HUGO_459
COL11A1,ECM,HUGO_459
COL14A1,ECM,HUGO_459
COL17A1,ECM,HUGO_459
COL18A1,ECM,HUGO_459
LAMA1,ECM,curated_laminin
LAMA2,ECM,curated_laminin
LAMA3,ECM,curated_laminin
LAMA4,ECM,curated_laminin
LAMA5,ECM,curated_laminin
LAMB1,ECM,curated_laminin
LAMB2,ECM,curated_laminin
LAMB3,ECM,curated_laminin
LAMC1,ECM,curated_laminin
LAMC2,ECM,curated_laminin
FN1,ECM,curated_fibronectin
VTN,ECM,curated_other
TNC,ECM,curated_tenascin
TNXB,ECM,curated_tenascin
FBN1,ECM,curated_other
FBN2,ECM,curated_other
ELN,ECM,curated_other
POSTN,ECM,curated_other
MFAP5,ECM,curated_other
NID1,ECM,curated_BM
NID2,ECM,curated_BM
HSPG2,ECM,curated_BM
SPARC,ECM,curated_other
BGN,ECM,curated_proteoglycan
DCN,ECM,curated_proteoglycan
LUM,ECM,curated_proteoglycan
CD274,Checkpoint_ligand,curated_PD-L1
PDCD1LG2,Checkpoint_ligand,curated_PD-L2
LGALS9,Checkpoint_ligand,curated_GAL9
CEACAM1,Checkpoint_ligand,curated_other
CD276,Checkpoint_ligand,curated_B7H3
VTCN1,Checkpoint_ligand,curated_B7H4
HHLA2,Checkpoint_ligand,curated_other
IDO1,Checkpoint_ligand,curated_other
