path	bytes	sha256	source_sha256	notes
figures/figure1/data/derived/Sample_Metadata_Table.csv	450	ab230cc0eb0c5331efdb8d2f541a0387312a0d77d5c94e0077b6a881c849ff09	ab230cc0eb0c5331efdb8d2f541a0387312a0d77d5c94e0077b6a881c849ff09	Unchanged
figures/figure1/data/derived/dawnrank_panel_subset.csv	2677	d031c2d6da73586599d23b20c66a575f76d341bce863796c6be24b1ef0430f04	1039544685fe3ef35a10716287890192372740343f298ef7d935383863eb9add	Derived from Siegel et al. JCI 2018 Supplementary Table 5 (doi:10.1172/JCI96153); 27 panel genes x 8 lung-metastasis columns
figures/figure1/data/raw/GSE110590/GSE110590-GPL11154_series_matrix.txt.gz	3823	8dd8c5fa231ea3edd49f70120a4d47bbc42646f37bc54f7fe907de31931d066c	8dd8c5fa231ea3edd49f70120a4d47bbc42646f37bc54f7fe907de31931d066c	Unchanged
figures/figure1/data/raw/GSE110590/GSE110590-GPL16791_series_matrix.txt.gz	2519	313837f7411fc33fcc949ee87f23113a0b94bbf3cc3eab3e194b141534c9aa2b	313837f7411fc33fcc949ee87f23113a0b94bbf3cc3eab3e194b141534c9aa2b	Unchanged
figures/figure1/data/raw/GSE110590/GSE110590_RAP_A16_log2.sne.tsv.gz	5766202	fb27925efc82efbfdd124f9906a4e4485d2a0feefe40e0e84492bb7b93aa8d66	fb27925efc82efbfdd124f9906a4e4485d2a0feefe40e0e84492bb7b93aa8d66	Unchanged
figures/figure1/data/raw/MANIFEST.sha256	3432	4a68529dcf291f9c1c534c2300b242e31d593f368c0ce73a414df8849a35806b	31ac80221aec6a69500144692fcd30a104d6a78f439427b1246255e212b0b53b	Checksum manifest; JCI workbook line removed with the file
figures/figure1/data/raw/MSK_MET_2021_breast/clinical.csv.gz	21691	a9f76eeb36c85065e4c503f938b3fa955c57aa6dc604da7b0fcc01c7a7c11743	a9f76eeb36c85065e4c503f938b3fa955c57aa6dc604da7b0fcc01c7a7c11743	Unchanged
figures/figure1/data/raw/MSK_MET_2021_breast/cna.csv.gz	4376931	14d81f084748bfb1d93ca066a8c320d3b62204766ab182bbed419da229cfcdc7	14d81f084748bfb1d93ca066a8c320d3b62204766ab182bbed419da229cfcdc7	Unchanged
figures/figure1/data/raw/MSK_MET_2021_breast/mutations.csv.gz	117483	79d27b66883b41d43f4356c4d71eabc8dc4fcb6d4dae7b308720e7370c78f02f	79d27b66883b41d43f4356c4d71eabc8dc4fcb6d4dae7b308720e7370c78f02f	Unchanged
figures/figure1/data/raw/TCGA_PanCan/blca_tcga_pan_can_atlas_2018/data_mutations.txt.gz	730829	5d75fcdae45d5850c08d940e58dcf3fe26f507089e636bb69b675e555cf83543	5d75fcdae45d5850c08d940e58dcf3fe26f507089e636bb69b675e555cf83543	Unchanged
figures/figure1/data/raw/TCGA_PanCan/brca_tcga_pan_can_atlas_2018/data_mutations.txt.gz	953974	dc17478d8d4adbf35201b5fda575001a6fd4d60ca2a6bfe738f2abc68e4fa7f2	dc17478d8d4adbf35201b5fda575001a6fd4d60ca2a6bfe738f2abc68e4fa7f2	Unchanged
figures/figure1/data/raw/TCGA_PanCan/coadread_tcga_pan_can_atlas_2018/data_mutations.txt.gz	1188218	7f0f8988929ed734ec0c4c122b6feaa68d0cc04748cf170b76981b2231399144	7f0f8988929ed734ec0c4c122b6feaa68d0cc04748cf170b76981b2231399144	Unchanged
figures/figure1/data/raw/TCGA_PanCan/hnsc_tcga_pan_can_atlas_2018/data_mutations.txt.gz	740833	a098be9d0c80f65cfa7d87d06e176a37eed628838cf029b22cb34fa9489da269	a098be9d0c80f65cfa7d87d06e176a37eed628838cf029b22cb34fa9489da269	Unchanged
figures/figure1/data/raw/TCGA_PanCan/lihc_tcga_pan_can_atlas_2018/data_mutations.txt.gz	327293	3d9b207549cc7cb2baaadfa1213ae00a2646c3477fbf6302156ccd9ba65697fe	3d9b207549cc7cb2baaadfa1213ae00a2646c3477fbf6302156ccd9ba65697fe	Unchanged
figures/figure1/data/raw/TCGA_PanCan/luad_tcga_pan_can_atlas_2018/data_mutations.txt.gz	787410	0c1ee43dbd72ddaeba1d86d1f15c28f2ec029535ca11c8475796a017d28d9edb	0c1ee43dbd72ddaeba1d86d1f15c28f2ec029535ca11c8475796a017d28d9edb	Unchanged
figures/figure1/data/raw/TCGA_PanCan/lusc_tcga_pan_can_atlas_2018/data_mutations.txt.gz	753432	f6a350f24416a34870be43a08b4bfa63ab7cd6326884248b4c27dae6c1cf5343	f6a350f24416a34870be43a08b4bfa63ab7cd6326884248b4c27dae6c1cf5343	Unchanged
figures/figure1/data/raw/TCGA_PanCan/ov_tcga_pan_can_atlas_2018/data_mutations.txt.gz	476780	323a9dd5394d0788aea7c0ef740fb7db01110712ca487f110ea21aa7c7ad007f	323a9dd5394d0788aea7c0ef740fb7db01110712ca487f110ea21aa7c7ad007f	Unchanged
figures/figure1/data/raw/TCGA_PanCan/prad_tcga_pan_can_atlas_2018/data_mutations.txt.gz	301803	e182a6f411cbbfac34db3a2b72debbf9e788c5b6a150fa549b1573e3684d09e8	e182a6f411cbbfac34db3a2b72debbf9e788c5b6a150fa549b1573e3684d09e8	Unchanged
figures/figure1/data/raw/TCGA_PanCan/stad_tcga_pan_can_atlas_2018/data_mutations.txt.gz	773277	090bac3e2cbc641f951130cf9f6ef83503c440cfb44a6b7948852a9336363a14	090bac3e2cbc641f951130cf9f6ef83503c440cfb44a6b7948852a9336363a14	Unchanged
figures/figure1/docs/gene_lists/msk_impact341_assayed_genes.txt	1955	57557b4e72c296bbea9518ad5af1dc29ae05f5a56b859ab36dea213d361414e9	4ab24d539bbdc918d8b3c2ea58afc46f1053a29802169ee475679b3c1149d911	Comment prose removed; analysis entries retained
figures/figure1/docs/gene_lists/panel_B_BRCA_anchors.txt	107	10f1ad154e259f8e8205fa9d890e8de8ab95b8e56cf9815353d162a37af8eacf	854545b3a164039ef26e83baa4569ee6121aa1dc03419f737f0590d52ff3494c	Comment prose removed; analysis entries retained
figures/figure1/docs/gene_lists/panel_B_pancan_drivers_53.txt	302	2819d52704eaf377247270ea99516a755c2c43415ef60c2202cf40949b59d95a	2d8091ff72b13873cc9df9d76fa88a085ddd7fea1d3f4b2edaafb80a077604ff	Comment prose removed; analysis entries retained
figures/figure1/docs/gene_lists/panel_CDE_breast_drivers_20.txt	115	97832a0d9a128cbc2b55f3a8bbae10b69b7f7ebc82b2277318a1970a71e2994d	cadc703f5b0de25060dddaca40c386c652027c568f1dcfab5a957b8a32453f38	Comment prose removed; analysis entries retained
figures/figure1/docs/gene_lists/panel_C_oncoprint_genes.txt	84	62efe605427f300dcf6392751f08727d6d14b4c1cfc3ac1b047b03068eb7bab1	0226d701cd36ad7f1d18b2302a6107d449e504f4f590ecd5a30cd3e73ef7b8d8	Comment prose removed; analysis entries retained
figures/figure1/docs/gene_lists/panel_F_hallmark_module_mapping.csv	135825	e99f5f400248c58021cb44ce236f911cd13cb9d1925a1a82a0b73fdec0c069ac	e99f5f400248c58021cb44ce236f911cd13cb9d1925a1a82a0b73fdec0c069ac	Unchanged
figures/figure1/docs/gene_lists/panel_F_niche_engagement_HUGO_curated.csv	6630	d0dedde5f9caaf57f21201abf215ff60da5c603ea362bfd01949318a69da41b0	3f691b30b28d4dfbbdf02685b72c8c90e4ce94a18283d6798d1e73c36e9aca99	Comment prose removed; analysis entries retained
figures/figure1/docs/gene_lists/panel_G_dawnrank_35.txt	332	0b5e3209c4e15b787e7bcc4e6d9c3e8d6e2b96cdc1cc225b130e8b27ada5a44b	bb196f40ac126bd9e38f0e802a39b5b9d870e28c6e310d907987ba52589143ff	Comment prose removed; analysis entries retained
figures/figure1/docs/gene_lists/published_brca_drivers_intogen.txt	401	9acd3e8f8a67219d4344bdd05e9282f8fa6d08cae5969606a1c3c6ed58abced9	93eaa3287af3591c1573c98903e369f7c815cbbe00113c5fdb9ce4e3148b7eba	Comment prose removed; analysis entries retained
figures/figure1/docs/gene_lists/published_cancer_drivers_oncokb_cgc.txt	1322	b0c99ab21e72985653510637342cbd7c49a25ae5c4aa6988e6c71e7d9a67524f	d030a4177cc30a7e7ebf72598938062a8f249941a8d6373cd25a4d52d6c54d8c	Comment prose removed; analysis entries retained
figures/figure2/data/derived/R2_Day18.gene_summary.txt	24170	24dfabc471d885049c539c01cd6408a0d32ed12479257c7933cc5f14e0e030d4	24dfabc471d885049c539c01cd6408a0d32ed12479257c7933cc5f14e0e030d4	Unchanged
figures/figure2/data/derived/R2_Day18_legacy.gene_summary.txt	27582	fd3e6608a10fe96f7e29feb2af3a512491044e4a571da7626c1d79bd8e861def	fd3e6608a10fe96f7e29feb2af3a512491044e4a571da7626c1d79bd8e861def	Unchanged
figures/figure2/data/derived/R2_Day3.gene_summary.txt	27595	a1fcb4924cc42ac97c11c9d145c9d2321ca838ff3bc12f025e7c22850106a9b5	a1fcb4924cc42ac97c11c9d145c9d2321ca838ff3bc12f025e7c22850106a9b5	Unchanged
figures/figure2/data/derived/R2_GI_scores.xlsx	42656	24e55baed4257f6f3d1e4258daa9c432794233d1100b0352b3fa577ba0b5c459	ff6f8bb5990891e44fe125defeccc90119c22e79956f5a245c7b9d1f0471bf18	Workbook metadata sanitized; worksheet XML unchanged
figures/figure2/data/derived/R2_construct_counts.csv	304155	635e2ffe5cd27c5087e458244ef1ef33cd8bc329b88f9aa4e8265734c5a6cab6	635e2ffe5cd27c5087e458244ef1ef33cd8bc329b88f9aa4e8265734c5a6cab6	Unchanged
figures/figure2/data/derived/R2_plasmid_counts.txt	73457	468baba563018f3a97364dc930e70c4792d6be55420796dbb822a2bf130c1d31	468baba563018f3a97364dc930e70c4792d6be55420796dbb822a2bf130c1d31	Unchanged
figures/figure2/data/raw/R1_construct_counts.csv	9335658	3cc202d3f64aa2fb498c883a73e23ad29ca6748d930c3acccb5d0b6cbb96232b	3cc202d3f64aa2fb498c883a73e23ad29ca6748d930c3acccb5d0b6cbb96232b	Unchanged
figures/figure2/data/raw/R1_plasmid_counts.csv	2581036	636f4127173c004ac44a867ea54e3a87fe1f489c75adc0d4f3a46e3d62be67a8	636f4127173c004ac44a867ea54e3a87fe1f489c75adc0d4f3a46e3d62be67a8	Unchanged
figures/figure2/data/reference/R1_library_gene_list.xlsx	12313	0df20032e6ae32e5ef62f0dbbce8efe1f2a2147d504a561fb009712e0879346f	b6ab864a090a456e61031384644eb36d1b05d11785782f89908174121cb6173e	Workbook metadata sanitized; worksheet XML unchanged
figures/figure2/data/reference/R2_GI_heatmap_clustered_reference.csv	4884	52a3df8e87475d7a69fbc533c72d364cd994c61d3e588bd433168226596ae6fc	52a3df8e87475d7a69fbc533c72d364cd994c61d3e588bd433168226596ae6fc	Unchanged
figures/figure2/data/reference/R2_STRING_network.tsv	24025	f2f9f31b9ebc5228b0ca569168c633f0a441d14a43807c47fc5d05b10091dc05	f2f9f31b9ebc5228b0ca569168c633f0a441d14a43807c47fc5d05b10091dc05	Unchanged
figures/figure3/data/derived/hallmark_pathways_v26.1.0_MM.csv	236661	b40dd6c795c3cf036ebac97a3e7ebb5e7430f2a0538e00ff9a271f2b73a82294	b40dd6c795c3cf036ebac97a3e7ebb5e7430f2a0538e00ff9a271f2b73a82294	Unchanged
figures/figure3/data/derived/screens/2nd_DC_counts.csv	304155	ba3b3a5162afa6c68e7d1a4867fed697c5347114f7362f03f35f148cd4fd6730	ba3b3a5162afa6c68e7d1a4867fed697c5347114f7362f03f35f148cd4fd6730	Unchanged
figures/figure3/data/derived/screens/Day18.gene_summary.txt	24744	cc2aae931736c09279924d6f959dc364f6c8ed76b3c4989cd7f3186b043af234	cc2aae931736c09279924d6f959dc364f6c8ed76b3c4989cd7f3186b043af234	Unchanged
figures/figure3/data/derived/screens/Day3.gene_summary.txt	27595	a1fcb4924cc42ac97c11c9d145c9d2321ca838ff3bc12f025e7c22850106a9b5	a1fcb4924cc42ac97c11c9d145c9d2321ca838ff3bc12f025e7c22850106a9b5	Unchanged
figures/figure3/data/derived/screens/cas12a_cutting_efficiency.csv	1825	774301f5399a935a4aae68692b39e20e3de4bbc58b9c4ba76edc25523d27e602	774301f5399a935a4aae68692b39e20e3de4bbc58b9c4ba76edc25523d27e602	Unchanged
figures/figure3/data/derived/screens/plasmid_freq.txt	73457	468baba563018f3a97364dc930e70c4792d6be55420796dbb822a2bf130c1d31	468baba563018f3a97364dc930e70c4792d6be55420796dbb822a2bf130c1d31	Unchanged
figures/figure3/data/raw_checksums.tsv	143	0ba9926407bb0646e77c3e206511349bcd55f6e9e5bc694c55dfdcfb85d223b3	4b67d5f2312541b1fa81ca89beae15e4eb7320cc444f76fa748d7cc31a6690cc	Comment prose removed; analysis entries retained
figures/figure4/data/derived/network_scaffold_Cx3cr1_edges.csv	13674	f5ed0f4fa5c674ead40d81c7cf25256ab6852e4067c25f6b7021e3646f9432e6	f5ed0f4fa5c674ead40d81c7cf25256ab6852e4067c25f6b7021e3646f9432e6	Unchanged
figures/figure4/data/derived/network_scaffold_Cx3cr1_nodes.csv	3446	4a478825f46ce57afdcf17b1176b5cd6e57d7f31fc98ed98b0cce267b9e2f174	4a478825f46ce57afdcf17b1176b5cd6e57d7f31fc98ed98b0cce267b9e2f174	Unchanged
figures/figure4/data/derived/pathwayGI_CHEK2_CX3CL1.csv	7490	f4603bdfe0e663ac4e27a4789152e1c92ca51d668dfd6a4e21bdf2755ea29ba9	f4603bdfe0e663ac4e27a4789152e1c92ca51d668dfd6a4e21bdf2755ea29ba9	Unchanged
figures/figure4/data/derived/pathwayGI_PTEN_CX3CL1.csv	7503	e17cba39361fd050fb0ac5743d6d2ea49c63fccc6af57095c1a382274b0f7f16	e17cba39361fd050fb0ac5743d6d2ea49c63fccc6af57095c1a382274b0f7f16	Unchanged
figures/figure4/data/raw/Cx3cr1_raw_counts.csv	348900	50d9b4843c98a79020d67c766722b02741d1a14c3ebfa2b3b7ff68bc8239a5bc	50d9b4843c98a79020d67c766722b02741d1a14c3ebfa2b3b7ff68bc8239a5bc	Unchanged
figures/figure4/data/raw/MANIFEST.sha256	534	1e4d6ca16504007687a132b2848d95d1e3cc0a6400aad3d036d41409a6e8cefd	7c0fae8e79cca7565f5a13760ba7b5534d55db0e317ce806046a5a8eaa9f428a	Distribution checksum manifest
figures/figure5/data/Pooled_Burden_Quantification/Cx3cr1_B6_DTR_nodule_counts.csv	397	8d4b4286c862beb7191ab4a66bc4b58ce5c5b6e0469c8ef2d98826cb09b051af	8d4b4286c862beb7191ab4a66bc4b58ce5c5b6e0469c8ef2d98826cb09b051af	Unchanged
figures/figure5/data/Pooled_Burden_Quantification/Mrc1_B6_DTR_nodule_counts.csv	203	6ebe76ecd0036e7d1e5f7c69a765d8e800bb258ede0cdb3eb61b6934e14d05cc	6ebe76ecd0036e7d1e5f7c69a765d8e800bb258ede0cdb3eb61b6934e14d05cc	Unchanged
figures/figure5/data/Tumor_Burden_Quantification/metastasis_counts_summary.csv	107	883001ae9682e1d99b6287b11cf30e8bb83b6183d7301918a1e7ac8b9c966440	883001ae9682e1d99b6287b11cf30e8bb83b6183d7301918a1e7ac8b9c966440	Unchanged
figures/figure5/data/derived/geneLFC_Cx3cr1.csv	16755	77a6a79cde9dfc94d81e96ced8651502fb0b33881ad97feb54235098165b4541	77a6a79cde9dfc94d81e96ced8651502fb0b33881ad97feb54235098165b4541	Unchanged
figures/figure5/data/derived/geneLFC_Mrc1.csv	16634	d986b14ba1dd178ac0309b5af3c653c6792b88f59c853f0c84fb77178ebe601b	d986b14ba1dd178ac0309b5af3c653c6792b88f59c853f0c84fb77178ebe601b	Unchanged
figures/figure5/data/raw/Cx3cr1_raw_counts.csv	348900	50d9b4843c98a79020d67c766722b02741d1a14c3ebfa2b3b7ff68bc8239a5bc	50d9b4843c98a79020d67c766722b02741d1a14c3ebfa2b3b7ff68bc8239a5bc	Unchanged
figures/figure5/data/raw/MANIFEST.sha256	174	cf026e7c92153a8922c3626b6c3af77e82427c872997ef0c498b187e1ec38c21	6f891766e33c394146e0051e4eab210b235146eccc3d8bfeffbc03f9affa8ab8	Distribution checksum manifest
figures/figure5/data/raw/Mrc1_raw_counts.csv	248764	4e3f144c6b6d65a528047333ba2c98d53645eec6cd0accb10924802dc70eac41	4e3f144c6b6d65a528047333ba2c98d53645eec6cd0accb10924802dc70eac41	Unchanged
