figure	panel	description	kind	scripts	notes
1	1A	Study schematic	external		External source art or experimental output; not generated by this workflow.
1	1B	Pan-cancer co-occurrence chord	code	figures/figure1/scripts/Fig1_B_pancancer_chord.R	
1	1C	Breast-cancer co-occurrence chord	code	figures/figure1/scripts/Fig1_msk_met_panels.R	
1	1D	Site-matched divergence distributions	code	figures/figure1/scripts/Fig1_msk_met_panels.R	
1	1E	Co-occurrence divergence heatmap	code	figures/figure1/scripts/Fig1_msk_met_panels.R	
1	1F	Paired transcriptome PCA	code	figures/figure1/scripts/Fig1_F_PCA.R	
1	1G	Pathway coactivation rewiring	code	figures/figure1/scripts/Fig1_G_pathway_rewiring.R	Lower-triangle presentation and annotations are assembled from the generated matrix.
1	1H	Differential expression by module	code	figures/figure1/scripts/Fig1_H0_paired_DEG_modules.R;figures/figure1/scripts/Fig1_H_module_DEG_bar.R	
1	1I	Niche-engagement differential expression	code	figures/figure1/scripts/Fig1_I_niche_engagement.R	
1	1J	Driver activity and niche engagement	code	figures/figure1/scripts/Fig1_J_intrinsic_niche_coactivation.R	
1	S1A	Cohort by biopsy site	code	figures/figure1/scripts/supplementary/FigS1_cohort_and_exposure.R	
1	S1B	Alteration load	code	figures/figure1/scripts/supplementary/FigS1_cohort_and_exposure.R	
1	S1C	Co-occurrence null landscape	code	figures/figure1/scripts/supplementary/FigS1_divergence.R	
1	S1D	Divergence sensitivity analyses	code	figures/figure1/scripts/supplementary/FigS1_divergence.R	
1	S1E	Coactivation matrices	code	figures/figure1/scripts/supplementary/FigS1_divergence.R	
2	2A	Dual-gene screen design	external		External source art or experimental output; not generated by this workflow.
2	2B	Lung microscopy	external		External source art or experimental output; not generated by this workflow.
2	2C	Construct-count PCA	code	figures/figure2/scripts/03_main_panels.R	
2	2D	In-vivo enrichment ranks	code	figures/figure2/scripts/03_main_panels.R	
2	2E	Guide enrichment	code	figures/figure2/scripts/03_main_panels.R	
2	2F	GI score distribution	mixed	figures/figure2/scripts/05_fig2F_gi_z_histogram.R	Histogram is generated; the GI schematic is externally drawn.
2	2G	Round-2 enrichment volcano	code	figures/figure2/scripts/03_main_panels.R	
2	2H	Round-2 GI heatmap	code	figures/figure2/scripts/03_main_panels.R	
2	2I	Pten-centered interaction network	code	figures/figure2/scripts/06_fig2I_pten_ego.R	
2	S2A	Construct validation / microscopy / editing validation	external		External source art or experimental output; not generated by this workflow.
2	S2B	Construct validation / microscopy / editing validation	external		External source art or experimental output; not generated by this workflow.
2	S2C	Construct validation / microscopy / editing validation	external		External source art or experimental output; not generated by this workflow.
2	S2D	Construct validation / microscopy / editing validation	external		External source art or experimental output; not generated by this workflow.
2	S2E	Construct validation / microscopy / editing validation	external		External source art or experimental output; not generated by this workflow.
2	S2F	Construct validation / microscopy / editing validation	external		External source art or experimental output; not generated by this workflow.
2	S2G	Construct validation / microscopy / editing validation	external		External source art or experimental output; not generated by this workflow.
2	S2H	Round-1 plasmid QC	code	figures/figure2/scripts/supp_09_r1_plasmid_qc.R	
2	S2I	Round-1 cell-pool QC	code	figures/figure2/scripts/supp_10_r1_cell_qc.R	
2	S2J	Round-2 plasmid QC	code	figures/figure2/scripts/supp_01_plasmid_library_qc.R	
2	S2K	Round-2 Day-0 QC	code	figures/figure2/scripts/supp_02_day0_library_qc.R	
2	S2L	Enrichment categories	code	figures/figure2/scripts/supp_04_enrichment_summary.R	
2	S2M	Enrichment distributions	code	figures/figure2/scripts/supp_04_enrichment_summary.R	
2	S2N	In-vitro enrichment ranks	code	figures/figure2/scripts/03_main_panels.R	
2	S2O	Bipartite GI network	code	figures/figure2/scripts/supp_08_bipartite_gi.R	
2	S2P	STRING comparison	code	figures/figure2/scripts/07_string_vs_gi.R	
2	S2Q	Functional modules	code	figures/figure2/scripts/03_main_panels.R	
3	3A	Burden / experimental flow schematic	external		External source art or experimental output; not generated by this workflow.
3	3B	Perturb-seq design	external		External source art or experimental output; not generated by this workflow.
3	3I	Model schematic	external		External source art or experimental output; not generated by this workflow.
3	S3A	Guide design and editing alignment	external		External source art or experimental output; not generated by this workflow.
3	S3B	Editing allele-frequency composite	external		External source art or experimental output; not generated by this workflow.
3	3C	Condition PCA	code	figures/figure3/scripts/panels/Fig3C_condition_pca.R	Requires the external processed RDS objects and preceding cache steps.
3	3D	Niche programs	code	figures/figure3/scripts/panels/Fig3D_S3F_niche_program.R	Requires the external processed RDS objects and preceding cache steps.
3	3E	Guide occupancy by cluster	code	figures/figure3/scripts/panels/Fig3E_guide_within_cluster.R	Requires the external processed RDS objects and preceding cache steps.
3	3F	E-distance comparison	code	figures/figure3/scripts/panels/Fig3F_edist_dumbbell9_stats.R;figures/figure3/scripts/panels/Fig3F_edist_dumbbell9_plot.R	Requires the external processed RDS objects and preceding cache steps.
3	3G	Split UMAP	code	figures/figure3/scripts/panels/Fig3G_umap_split.R	Requires the external processed RDS objects and preceding cache steps.
3	3H	Per-mouse pathway residuals	code	figures/figure3/scripts/panels/Fig3H_permouse_residual.R	Requires the external processed RDS objects and preceding cache steps.
3	3J	Screen rank concordance	code	figures/figure3/scripts/panels/Fig3J_rank_concordance.R	Uses included inputs; available with --light.
3	3K	Screen time courses	code	figures/figure3/scripts/panels/Fig3K_seed_trajectories.R	Uses included inputs; available with --light.
3	S3C	Cutting efficiency	code	figures/figure3/scripts/panels/FigS3C_cutting_efficiency.R	Uses included inputs; available with --light.
3	S3D	Global UMAP	code	figures/figure3/scripts/panels/FigS3D_global_umap.R	Requires the external processed RDS objects and preceding cache steps.
3	S3E	Cluster-identity dotplot	code	figures/figure3/scripts/panels/FigS3E_cluster_dotplot.R	Requires the external processed RDS objects and preceding cache steps.
3	S3F	Niche-program volcano	code	figures/figure3/scripts/panels/Fig3D_S3F_niche_program.R	Requires the external processed RDS objects and preceding cache steps.
3	S3G	Pathway interaction coefficients	code	figures/figure3/scripts/panels/FigS3G_coefficient_flip_stats.R;figures/figure3/scripts/panels/FigS3G_coefficient_flip_plot.R	Requires the external processed RDS objects and preceding cache steps.
3	S3H	E-distance bars	code	figures/figure3/scripts/panels/FigS3H_edist_bars.R	Requires the external processed RDS objects and preceding cache steps.
3	S3I	Double-knockout signature density	code	figures/figure3/scripts/panels/FigS3I_dko_density_cache.R;figures/figure3/scripts/panels/FigS3I_dko_density_plot.R	Requires the external processed RDS objects and preceding cache steps.
3	S3J	Per-mouse point ranges	code	figures/figure3/scripts/panels/FigS3J_permouse_pointrange.R	Requires the external processed RDS objects and preceding cache steps.
4	4A	Depletion-screen design	external		External source art or experimental output; not generated by this workflow.
4	4B	Delta-GI heatmap	code	figures/figure4/scripts/10_panel_DEF_heatmaps.R	
4	4C	Interaction pervasiveness	code	figures/figure4/scripts/proto_panelA_hostconditional.R	
4	4D	Interaction-state comparison	code	figures/figure4/scripts/proto_panelA_hostconditional.R	
4	4E	Driver-pathway profile	code	figures/figure4/scripts/proto_panelB_driverpathway.R	
4	4F	CX3CL1 fitness dependence	code	figures/figure4/scripts/proto_CX3CL1_fitness_dependency.R	
4	4G	PTEN pathway network	code	figures/figure4/scripts/30_panel_HIJ_pathway.R	
4	4H	PTEN and CHEK2 pathway comparison	code	figures/figure4/scripts/proto_PTEN_CHEK2_programs.R	
4	S4C	WT interaction heatmap	code	figures/figure4/scripts/10_panel_DEF_heatmaps.R	
4	S4D	Depleted interaction heatmap	code	figures/figure4/scripts/10_panel_DEF_heatmaps.R	
4	S4E	Interaction sign comparison	code	figures/figure4/scripts/proto_A2slope_Bstructure.R	
4	S4F	Partner interaction structure	code	figures/figure4/scripts/proto_A2slope_Bstructure.R	
4	S4G	CHEK2 estrogen program	code	figures/figure4/scripts/proto_CHEK2_estrogen_cascade.R	
4	S4A	Depletion flow-cytometry validation	external		External source art or experimental output; not generated by this workflow.
4	S4B	Depletion flow-cytometry validation	external		External source art or experimental output; not generated by this workflow.
4	S4H	ER/DAPI proliferation validation	external		External source art or experimental output; not generated by this workflow.
5	5A	Host comparison design	external		External source art or experimental output; not generated by this workflow.
5	5J	Working-model schematic	external		External source art or experimental output; not generated by this workflow.
5	5B	First-order host-dependence comparison	code	figures/figure5/scripts/Fig5_first_order_scatter.R	
5	5C	First-order gene-position profiles	code	figures/figure5/scripts/Fig5_first_order_bubbles.R	
5	5D	Observed and additive fitness	code	figures/figure5/scripts/Fig5_additivity.R	
5	5E	Between-context interaction map	code	figures/figure5/scripts/Fig5_ddGI_map.R	
5	5F	Between-context interaction distribution	code	figures/figure5/scripts/Fig5_pervasiveness_waterfall.R	
5	5G	Pten/Cdh1 host-dependent interaction	code	figures/figure5/scripts/Fig5_PtenCdh1_hero.R	
5	5H	Pten partner profile	code	figures/figure5/scripts/Fig5_Pten_partner_profile.R	
5	5I	Targeted and pooled burden validation	mixed	figures/figure5/scripts/Fig5_invivo_burden.R;figures/figure5/scripts/Fig5_pooled_burden_specificity.R	Numerical burden plots are generated; representative lung images are external.
5	S5C	Count PCA	code	figures/figure5/scripts/10_panel_A_pca.R	
5	S5D	WT representation filter	code	figures/figure5/scripts/Fig5S_S1_wt_filter_qc.R	
5	S5E	Scale sensitivity	code	figures/figure5/scripts/Fig5S_S11_scale_sensitivity.R	
5	S5F	First-order gene effects	code	figures/figure5/scripts/Fig5S_S6_first_order_lollipop.R	
5	S5G	Per-context delta-GI heatmaps	code	figures/figure5/scripts/Fig5_ddGI_map.R	
5	S5H	Interaction sign distribution	code	figures/figure5/scripts/Fig5S_S2_sign_distribution.R	
5	S5I	Driver mean and dispersion	code	figures/figure5/scripts/Fig5S_S7_stability.R	
5	S5J	Pten/Cdh1 interaction intervals	code	figures/figure5/scripts/Fig5S_S12_PtenCdh1_detail.R	The manuscript uses the forest-plot component of the generated composite.
5	S5A	MRC1 depletion flow cytometry	external		External source art or experimental output; not generated by this workflow.
5	S5B	MRC1 depletion flow cytometry	external		External source art or experimental output; not generated by this workflow.
5	S5K	Representative immunofluorescence	external		External source art or experimental output; not generated by this workflow.
