Gene,A2.LungMet,A11.LUNG.MET,A20.LungMet.L,A20.LungMet.R,A26.Lung.Met.1,A26.Lung.Met.2,A28.LungMet.LLL,A28.LungMet.RUL
TP63,2.97e-05,8.62e-05,0.000132818,0.00010964,3.29e-05,1.17e-05,0.0001,8.41e-05
PGR,0.000114151,0.000155362,0.000162777,0.000169127,0.000146517,0.000150751,0.00013927,0.000118509
ERBB4,0.000442621,0.000397516,0.00050922,0.000450791,0.000389393,0.000400845,0.000342861,0.00033584
COL17A1,0.00050117,0.000523795,0.000449341,0.00034981,0.000564099,0.000579757,0.000436262,0.00049311
ITGB8,5.2e-05,5.14e-05,5.33e-05,5.4e-05,5.64e-05,5.15e-05,6.51e-05,6.09e-05
FER,0.000136646,0.000125945,0.000120598,0.000106972,0.000123454,0.000120143,0.000114347,0.000127887
DCLK1,0.000114045,0.000348695,0.000180714,0.000457602,2.98e-05,3.42e-05,6.84e-05,6.48e-05
APC2,0.000270712,7.4e-05,0.000336277,0.00044815,0.000336031,0.000316006,0.000160853,0.000239547
FRK,5.81e-05,0.000245392,0.000108968,3.94e-05,0.000157879,0.000188001,6.82e-05,4.35e-05
BDNF,0.000376913,0.000420874,0.000368259,0.000341891,0.000427617,0.000313869,0.000411434,0.000400252
CXCL9,0.000136856,0.000231225,0.00014612,0.000169431,0.000160863,0.000178546,0.000116705,0.000169562
CXCL11,0.000116966,0.000265824,0.000299569,0.000172599,0.00024835,0.000280391,0.000234842,0.00034526
CCR7,0.000123544,0.000446744,0.000287604,0.000296757,0.000320303,0.00028095,0.000179023,0.000242732
CD28,0.000639573,0.000920474,0.000761183,0.000811618,0.000634794,0.000645013,0.000679374,0.000727808
CTLA4,5.72e-05,0.000186655,3.58e-05,0.000116141,4.26e-05,0.000108393,6.77e-05,0.000102692
IKZF1,7.4e-05,0.000148682,9.28e-05,0.000139935,7.14e-05,7.74e-05,8.14e-05,0.000107906
CIITA,0.000118509,0.000393458,0.000158579,0.000118172,0.000126705,0.000115858,0.00011464,0.000211295
IFIT1,0.000323286,0.000648013,0.000398881,0.000197573,5.19e-05,2.28e-05,0.000365987,0.000326926
IFIT2,0.000325247,0.000607007,0.000320589,0.000110327,0.000145636,2.59e-06,0.000165248,0.000157536
NR4A3,9.58e-05,8.89e-05,6.64e-05,6.29e-05,7.32e-05,7.46e-05,4.56e-05,4.98e-05
EGR2,0.000259406,0.000411585,0.000318799,0.000273749,0.000303891,0.000349119,0.000252666,0.000284116
EGR3,0.000224089,0.000275449,8.08e-05,9.64e-05,9.8e-05,0.000245971,0.000183186,0.00020424
THBS4,4.72e-05,5.3e-05,2.58e-05,7.06e-05,5.09e-05,5.93e-05,6.23e-06,1.1e-05
COL11A1,0.000351464,0.000413033,0.000534245,0.000547547,0.000418658,0.000359891,0.000250743,0.000304596
PLA2G2A,0.000128521,9.77e-05,0.000150142,0.000117116,6.62e-05,9.61e-05,4e-05,2.3e-05
SFRP2,6.23e-05,0.000171613,0.000118463,0.000118781,0.000119056,0.000169489,5.05e-05,0.000106383
SCUBE3,9.47e-05,0.000181422,0.000208049,0.000200891,0.000195196,6.82e-05,9.58e-05,0.000173383
