from,to,weight
HALLMARK_ADIPOGENESIS,HALLMARK_BILE_ACID_METABOLISM,0.0297029702970297
HALLMARK_ADIPOGENESIS,HALLMARK_FATTY_ACID_METABOLISM,0.08814589665653495
HALLMARK_ADIPOGENESIS,HALLMARK_GLYCOLYSIS,0.02564102564102564
HALLMARK_ADIPOGENESIS,HALLMARK_HYPOXIA,0.028277634961439587
HALLMARK_ADIPOGENESIS,HALLMARK_MTORC1_SIGNALING,0.03626943005181347
HALLMARK_ADIPOGENESIS,HALLMARK_OXIDATIVE_PHOSPHORYLATION,0.11420612813370473
HALLMARK_ADIPOGENESIS,HALLMARK_PEROXISOME,0.034013605442176874
HALLMARK_ADIPOGENESIS,HALLMARK_XENOBIOTIC_METABOLISM,0.041666666666666664
HALLMARK_ALLOGRAFT_REJECTION,HALLMARK_APOPTOSIS,0.052478134110787174
HALLMARK_ALLOGRAFT_REJECTION,HALLMARK_COMPLEMENT,0.03896103896103896
HALLMARK_ALLOGRAFT_REJECTION,HALLMARK_IL2_STAT5_SIGNALING,0.04450261780104712
HALLMARK_ALLOGRAFT_REJECTION,HALLMARK_IL6_JAK_STAT3_SIGNALING,0.0830188679245283
HALLMARK_ALLOGRAFT_REJECTION,HALLMARK_INFLAMMATORY_RESPONSE,0.10192837465564739
HALLMARK_ALLOGRAFT_REJECTION,HALLMARK_INTERFERON_ALPHA_RESPONSE,0.042105263157894736
HALLMARK_ALLOGRAFT_REJECTION,HALLMARK_INTERFERON_GAMMA_RESPONSE,0.10192837465564739
HALLMARK_ALLOGRAFT_REJECTION,HALLMARK_KRAS_SIGNALING_UP,0.03359173126614987
HALLMARK_ALLOGRAFT_REJECTION,HALLMARK_P53_PATHWAY,0.02564102564102564
HALLMARK_ALLOGRAFT_REJECTION,HALLMARK_PI3K_AKT_MTOR_SIGNALING,0.03741496598639456
HALLMARK_ALLOGRAFT_REJECTION,HALLMARK_TNFA_SIGNALING_VIA_NFKB,0.049868766404199474
HALLMARK_ANDROGEN_RESPONSE,HALLMARK_ESTROGEN_RESPONSE_EARLY,0.030821917808219176
HALLMARK_ANDROGEN_RESPONSE,HALLMARK_ESTROGEN_RESPONSE_LATE,0.030821917808219176
HALLMARK_ANDROGEN_RESPONSE,HALLMARK_FATTY_ACID_METABOLISM,0.027777777777777776
HALLMARK_ANDROGEN_RESPONSE,HALLMARK_MTORC1_SIGNALING,0.03793103448275862
HALLMARK_ANDROGEN_RESPONSE,HALLMARK_TNFA_SIGNALING_VIA_NFKB,0.030821917808219176
HALLMARK_ANGIOGENESIS,HALLMARK_APOPTOSIS,0.026041666666666668
HALLMARK_ANGIOGENESIS,HALLMARK_COAGULATION,0.023529411764705882
HALLMARK_ANGIOGENESIS,HALLMARK_EPITHELIAL_MESENCHYMAL_TRANSITION,0.05357142857142857
HALLMARK_ANGIOGENESIS,HALLMARK_HEDGEHOG_SIGNALING,0.02857142857142857
HALLMARK_ANGIOGENESIS,HALLMARK_WNT_BETA_CATENIN_SIGNALING,0.04
HALLMARK_APICAL_JUNCTION,HALLMARK_COAGULATION,0.024242424242424242
HALLMARK_APICAL_JUNCTION,HALLMARK_EPITHELIAL_MESENCHYMAL_TRANSITION,0.044386422976501305
HALLMARK_APICAL_JUNCTION,HALLMARK_MITOTIC_SPINDLE,0.03636363636363636
HALLMARK_APICAL_JUNCTION,HALLMARK_MYOGENESIS,0.030927835051546393
HALLMARK_APICAL_JUNCTION,HALLMARK_UV_RESPONSE_DN,0.026865671641791045
HALLMARK_APOPTOSIS,HALLMARK_CHOLESTEROL_HOMEOSTASIS,0.03524229074889868
HALLMARK_APOPTOSIS,HALLMARK_COAGULATION,0.03103448275862069
HALLMARK_APOPTOSIS,HALLMARK_COMPLEMENT,0.040345821325648415
HALLMARK_APOPTOSIS,HALLMARK_EPITHELIAL_MESENCHYMAL_TRANSITION,0.052478134110787174
HALLMARK_APOPTOSIS,HALLMARK_ESTROGEN_RESPONSE_LATE,0.02556818181818182
HALLMARK_APOPTOSIS,HALLMARK_GLYCOLYSIS,0.02556818181818182
HALLMARK_APOPTOSIS,HALLMARK_HYPOXIA,0.04335260115606936
HALLMARK_APOPTOSIS,HALLMARK_IL2_STAT5_SIGNALING,0.037463976945244955
HALLMARK_APOPTOSIS,HALLMARK_IL6_JAK_STAT3_SIGNALING,0.05084745762711865
HALLMARK_APOPTOSIS,HALLMARK_INFLAMMATORY_RESPONSE,0.0463768115942029
HALLMARK_APOPTOSIS,HALLMARK_INTERFERON_ALPHA_RESPONSE,0.027888446215139442
HALLMARK_APOPTOSIS,HALLMARK_INTERFERON_GAMMA_RESPONSE,0.052478134110787174
HALLMARK_APOPTOSIS,HALLMARK_KRAS_SIGNALING_UP,0.02556818181818182
HALLMARK_APOPTOSIS,HALLMARK_MTORC1_SIGNALING,0.02849002849002849
HALLMARK_APOPTOSIS,HALLMARK_MYOGENESIS,0.02556818181818182
HALLMARK_APOPTOSIS,HALLMARK_P53_PATHWAY,0.061764705882352944
HALLMARK_APOPTOSIS,HALLMARK_REACTIVE_OXYGEN_SPECIES_PATHWAY,0.024390243902439025
HALLMARK_APOPTOSIS,HALLMARK_TGF_BETA_SIGNALING,0.023809523809523808
HALLMARK_APOPTOSIS,HALLMARK_TNFA_SIGNALING_VIA_NFKB,0.08734939759036145
HALLMARK_APOPTOSIS,HALLMARK_UV_RESPONSE_UP,0.06688963210702341
HALLMARK_BILE_ACID_METABOLISM,HALLMARK_FATTY_ACID_METABOLISM,0.04247104247104247
HALLMARK_BILE_ACID_METABOLISM,HALLMARK_PEROXISOME,0.22033898305084745
HALLMARK_BILE_ACID_METABOLISM,HALLMARK_XENOBIOTIC_METABOLISM,0.04
HALLMARK_CHOLESTEROL_HOMEOSTASIS,HALLMARK_FATTY_ACID_METABOLISM,0.03111111111111111
HALLMARK_CHOLESTEROL_HOMEOSTASIS,HALLMARK_HYPOXIA,0.026217228464419477
HALLMARK_CHOLESTEROL_HOMEOSTASIS,HALLMARK_MTORC1_SIGNALING,0.07450980392156863
HALLMARK_CHOLESTEROL_HOMEOSTASIS,HALLMARK_WNT_BETA_CATENIN_SIGNALING,0.02654867256637168
HALLMARK_COAGULATION,HALLMARK_COMPLEMENT,0.20284697508896798
HALLMARK_COAGULATION,HALLMARK_EPITHELIAL_MESENCHYMAL_TRANSITION,0.05625
HALLMARK_COAGULATION,HALLMARK_INFLAMMATORY_RESPONSE,0.02735562310030395
HALLMARK_COAGULATION,HALLMARK_KRAS_SIGNALING_UP,0.03048780487804878
HALLMARK_COAGULATION,HALLMARK_XENOBIOTIC_METABOLISM,0.03363914373088685
HALLMARK_COMPLEMENT,HALLMARK_EPITHELIAL_MESENCHYMAL_TRANSITION,0.030927835051546393
HALLMARK_COMPLEMENT,HALLMARK_HYPOXIA,0.028277634961439587
HALLMARK_COMPLEMENT,HALLMARK_IL6_JAK_STAT3_SIGNALING,0.025
HALLMARK_COMPLEMENT,HALLMARK_INFLAMMATORY_RESPONSE,0.055408970976253295
HALLMARK_COMPLEMENT,HALLMARK_INTERFERON_ALPHA_RESPONSE,0.02768166089965398
HALLMARK_COMPLEMENT,HALLMARK_INTERFERON_GAMMA_RESPONSE,0.0610079575596817
HALLMARK_COMPLEMENT,HALLMARK_KRAS_SIGNALING_UP,0.02564102564102564
HALLMARK_COMPLEMENT,HALLMARK_TNFA_SIGNALING_VIA_NFKB,0.041666666666666664
HALLMARK_COMPLEMENT,HALLMARK_UV_RESPONSE_UP,0.028735632183908046
HALLMARK_COMPLEMENT,HALLMARK_XENOBIOTIC_METABOLISM,0.02564102564102564
HALLMARK_DNA_REPAIR,HALLMARK_E2F_TARGETS,0.04477611940298507
HALLMARK_DNA_REPAIR,HALLMARK_P53_PATHWAY,0.029411764705882353
HALLMARK_E2F_TARGETS,HALLMARK_G2M_CHECKPOINT,0.22324159021406728
HALLMARK_E2F_TARGETS,HALLMARK_MITOTIC_SPINDLE,0.05
HALLMARK_E2F_TARGETS,HALLMARK_MTORC1_SIGNALING,0.03626943005181347
HALLMARK_E2F_TARGETS,HALLMARK_MYC_TARGETS_V1,0.0958904109589041
HALLMARK_E2F_TARGETS,HALLMARK_MYC_TARGETS_V2,0.04878048780487805
HALLMARK_EPITHELIAL_MESENCHYMAL_TRANSITION,HALLMARK_GLYCOLYSIS,0.03626943005181347
HALLMARK_EPITHELIAL_MESENCHYMAL_TRANSITION,HALLMARK_HYPOXIA,0.04712041884816754
HALLMARK_EPITHELIAL_MESENCHYMAL_TRANSITION,HALLMARK_IL2_STAT5_SIGNALING,0.02570694087403599
HALLMARK_EPITHELIAL_MESENCHYMAL_TRANSITION,HALLMARK_IL6_JAK_STAT3_SIGNALING,0.02867383512544803
HALLMARK_EPITHELIAL_MESENCHYMAL_TRANSITION,HALLMARK_INFLAMMATORY_RESPONSE,0.03359173126614987
HALLMARK_EPITHELIAL_MESENCHYMAL_TRANSITION,HALLMARK_MYOGENESIS,0.05263157894736842
HALLMARK_EPITHELIAL_MESENCHYMAL_TRANSITION,HALLMARK_TNFA_SIGNALING_VIA_NFKB,0.0582010582010582
HALLMARK_EPITHELIAL_MESENCHYMAL_TRANSITION,HALLMARK_UV_RESPONSE_DN,0.06172839506172839
HALLMARK_ESTROGEN_RESPONSE_EARLY,HALLMARK_ESTROGEN_RESPONSE_LATE,0.3377926421404682
HALLMARK_ESTROGEN_RESPONSE_EARLY,HALLMARK_HYPOXIA,0.03359173126614987
HALLMARK_ESTROGEN_RESPONSE_EARLY,HALLMARK_IL2_STAT5_SIGNALING,0.031007751937984496
HALLMARK_ESTROGEN_RESPONSE_EARLY,HALLMARK_MTORC1_SIGNALING,0.02564102564102564
HALLMARK_ESTROGEN_RESPONSE_EARLY,HALLMARK_MYOGENESIS,0.02564102564102564
HALLMARK_ESTROGEN_RESPONSE_EARLY,HALLMARK_TNFA_SIGNALING_VIA_NFKB,0.03359173126614987
HALLMARK_ESTROGEN_RESPONSE_EARLY,HALLMARK_UV_RESPONSE_UP,0.025787965616045846
HALLMARK_ESTROGEN_RESPONSE_LATE,HALLMARK_HYPOXIA,0.030927835051546393
HALLMARK_ESTROGEN_RESPONSE_LATE,HALLMARK_MTORC1_SIGNALING,0.028277634961439587
HALLMARK_ESTROGEN_RESPONSE_LATE,HALLMARK_TNFA_SIGNALING_VIA_NFKB,0.030927835051546393
HALLMARK_ESTROGEN_RESPONSE_LATE,HALLMARK_UV_RESPONSE_UP,0.03170028818443804
HALLMARK_ESTROGEN_RESPONSE_LATE,HALLMARK_XENOBIOTIC_METABOLISM,0.028277634961439587
HALLMARK_FATTY_ACID_METABOLISM,HALLMARK_GLYCOLYSIS,0.03768115942028986
HALLMARK_FATTY_ACID_METABOLISM,HALLMARK_MTORC1_SIGNALING,0.028735632183908046
HALLMARK_FATTY_ACID_METABOLISM,HALLMARK_OXIDATIVE_PHOSPHORYLATION,0.09480122324159021
HALLMARK_FATTY_ACID_METABOLISM,HALLMARK_PEROXISOME,0.10548523206751055
HALLMARK_FATTY_ACID_METABOLISM,HALLMARK_UV_RESPONSE_UP,0.029315960912052116
HALLMARK_FATTY_ACID_METABOLISM,HALLMARK_XENOBIOTIC_METABOLISM,0.07507507507507508
HALLMARK_G2M_CHECKPOINT,HALLMARK_MITOTIC_SPINDLE,0.10833333333333334
HALLMARK_G2M_CHECKPOINT,HALLMARK_MYC_TARGETS_V1,0.07816711590296496
HALLMARK_G2M_CHECKPOINT,HALLMARK_MYC_TARGETS_V2,0.023809523809523808
HALLMARK_G2M_CHECKPOINT,HALLMARK_SPERMATOGENESIS,0.033950617283950615
HALLMARK_G2M_CHECKPOINT,HALLMARK_UV_RESPONSE_DN,0.026865671641791045
HALLMARK_GLYCOLYSIS,HALLMARK_HYPOXIA,0.19402985074626866
HALLMARK_GLYCOLYSIS,HALLMARK_MTORC1_SIGNALING,0.07238605898123325
HALLMARK_GLYCOLYSIS,HALLMARK_REACTIVE_OXYGEN_SPECIES_PATHWAY,0.024691358024691357
HALLMARK_HEDGEHOG_SIGNALING,HALLMARK_WNT_BETA_CATENIN_SIGNALING,0.04
HALLMARK_HEME_METABOLISM,HALLMARK_MTORC1_SIGNALING,0.02564102564102564
HALLMARK_HEME_METABOLISM,HALLMARK_UV_RESPONSE_UP,0.025787965616045846
HALLMARK_HYPOXIA,HALLMARK_IL2_STAT5_SIGNALING,0.04177545691906005
HALLMARK_HYPOXIA,HALLMARK_INFLAMMATORY_RESPONSE,0.028277634961439587
HALLMARK_HYPOXIA,HALLMARK_KRAS_SIGNALING_UP,0.028277634961439587
HALLMARK_HYPOXIA,HALLMARK_MTORC1_SIGNALING,0.08401084010840108
HALLMARK_HYPOXIA,HALLMARK_MYOGENESIS,0.03359173126614987
HALLMARK_HYPOXIA,HALLMARK_P53_PATHWAY,0.03626943005181347
HALLMARK_HYPOXIA,HALLMARK_TNFA_SIGNALING_VIA_NFKB,0.07816711590296496
HALLMARK_HYPOXIA,HALLMARK_UNFOLDED_PROTEIN_RESPONSE,0.02622950819672131
HALLMARK_HYPOXIA,HALLMARK_UV_RESPONSE_DN,0.04559270516717325
HALLMARK_IL2_STAT5_SIGNALING,HALLMARK_IL6_JAK_STAT3_SIGNALING,0.05925925925925926
HALLMARK_IL2_STAT5_SIGNALING,HALLMARK_INFLAMMATORY_RESPONSE,0.052770448548812667
HALLMARK_IL2_STAT5_SIGNALING,HALLMARK_INTERFERON_ALPHA_RESPONSE,0.02422145328719723
HALLMARK_IL2_STAT5_SIGNALING,HALLMARK_INTERFERON_GAMMA_RESPONSE,0.05
HALLMARK_IL2_STAT5_SIGNALING,HALLMARK_KRAS_SIGNALING_UP,0.04450261780104712
HALLMARK_IL2_STAT5_SIGNALING,HALLMARK_TNFA_SIGNALING_VIA_NFKB,0.05555555555555555
HALLMARK_IL2_STAT5_SIGNALING,HALLMARK_UV_RESPONSE_UP,0.02586206896551724
HALLMARK_IL6_JAK_STAT3_SIGNALING,HALLMARK_INFLAMMATORY_RESPONSE,0.08712121212121213
HALLMARK_IL6_JAK_STAT3_SIGNALING,HALLMARK_INTERFERON_ALPHA_RESPONSE,0.045454545454545456
HALLMARK_IL6_JAK_STAT3_SIGNALING,HALLMARK_INTERFERON_GAMMA_RESPONSE,0.0830188679245283
HALLMARK_IL6_JAK_STAT3_SIGNALING,HALLMARK_KRAS_SIGNALING_UP,0.025
HALLMARK_IL6_JAK_STAT3_SIGNALING,HALLMARK_P53_PATHWAY,0.025
HALLMARK_IL6_JAK_STAT3_SIGNALING,HALLMARK_PI3K_AKT_MTOR_SIGNALING,0.03225806451612903
HALLMARK_IL6_JAK_STAT3_SIGNALING,HALLMARK_TNFA_SIGNALING_VIA_NFKB,0.06691449814126393
HALLMARK_INFLAMMATORY_RESPONSE,HALLMARK_INTERFERON_ALPHA_RESPONSE,0.060714285714285714
HALLMARK_INFLAMMATORY_RESPONSE,HALLMARK_INTERFERON_GAMMA_RESPONSE,0.10192837465564739
HALLMARK_INFLAMMATORY_RESPONSE,HALLMARK_KRAS_SIGNALING_UP,0.041666666666666664
HALLMARK_INFLAMMATORY_RESPONSE,HALLMARK_P53_PATHWAY,0.030927835051546393
HALLMARK_INFLAMMATORY_RESPONSE,HALLMARK_TNFA_SIGNALING_VIA_NFKB,0.14613180515759314
HALLMARK_INFLAMMATORY_RESPONSE,HALLMARK_UV_RESPONSE_DN,0.04559270516717325
HALLMARK_INFLAMMATORY_RESPONSE,HALLMARK_UV_RESPONSE_UP,0.028735632183908046
HALLMARK_INTERFERON_ALPHA_RESPONSE,HALLMARK_INTERFERON_GAMMA_RESPONSE,0.32589285714285715
HALLMARK_INTERFERON_ALPHA_RESPONSE,HALLMARK_TNFA_SIGNALING_VIA_NFKB,0.03125
HALLMARK_INTERFERON_GAMMA_RESPONSE,HALLMARK_KRAS_SIGNALING_UP,0.02564102564102564
HALLMARK_INTERFERON_GAMMA_RESPONSE,HALLMARK_P53_PATHWAY,0.028277634961439587
HALLMARK_INTERFERON_GAMMA_RESPONSE,HALLMARK_TNFA_SIGNALING_VIA_NFKB,0.07238605898123325
HALLMARK_INTERFERON_GAMMA_RESPONSE,HALLMARK_UV_RESPONSE_UP,0.025787965616045846
HALLMARK_KRAS_SIGNALING_UP,HALLMARK_TNFA_SIGNALING_VIA_NFKB,0.0610079575596817
HALLMARK_KRAS_SIGNALING_UP,HALLMARK_XENOBIOTIC_METABOLISM,0.02564102564102564
HALLMARK_MTORC1_SIGNALING,HALLMARK_MYC_TARGETS_V1,0.049868766404199474
HALLMARK_MTORC1_SIGNALING,HALLMARK_MYC_TARGETS_V2,0.03614457831325301
HALLMARK_MTORC1_SIGNALING,HALLMARK_P53_PATHWAY,0.028277634961439587
HALLMARK_MTORC1_SIGNALING,HALLMARK_PEROXISOME,0.02356902356902357
HALLMARK_MTORC1_SIGNALING,HALLMARK_PI3K_AKT_MTOR_SIGNALING,0.07394366197183098
HALLMARK_MTORC1_SIGNALING,HALLMARK_REACTIVE_OXYGEN_SPECIES_PATHWAY,0.024691358024691357
HALLMARK_MTORC1_SIGNALING,HALLMARK_TNFA_SIGNALING_VIA_NFKB,0.02564102564102564
HALLMARK_MTORC1_SIGNALING,HALLMARK_UNFOLDED_PROTEIN_RESPONSE,0.057432432432432436
HALLMARK_MTORC1_SIGNALING,HALLMARK_UV_RESPONSE_UP,0.03170028818443804
HALLMARK_MTORC1_SIGNALING,HALLMARK_XENOBIOTIC_METABOLISM,0.030927835051546393
HALLMARK_MYC_TARGETS_V1,HALLMARK_MYC_TARGETS_V2,0.075
HALLMARK_MYC_TARGETS_V1,HALLMARK_OXIDATIVE_PHOSPHORYLATION,0.028277634961439587
HALLMARK_MYC_TARGETS_V1,HALLMARK_UNFOLDED_PROTEIN_RESPONSE,0.033003300330033
HALLMARK_MYC_TARGETS_V2,HALLMARK_UNFOLDED_PROTEIN_RESPONSE,0.030120481927710843
HALLMARK_MYOGENESIS,HALLMARK_P53_PATHWAY,0.03359173126614987
HALLMARK_NOTCH_SIGNALING,HALLMARK_WNT_BETA_CATENIN_SIGNALING,0.12121212121212122
HALLMARK_P53_PATHWAY,HALLMARK_TNFA_SIGNALING_VIA_NFKB,0.06951871657754011
HALLMARK_P53_PATHWAY,HALLMARK_UV_RESPONSE_UP,0.03768115942028986
HALLMARK_P53_PATHWAY,HALLMARK_XENOBIOTIC_METABOLISM,0.028277634961439587
HALLMARK_PEROXISOME,HALLMARK_REACTIVE_OXYGEN_SPECIES_PATHWAY,0.026845637583892617
HALLMARK_PEROXISOME,HALLMARK_XENOBIOTIC_METABOLISM,0.030508474576271188
HALLMARK_PI3K_AKT_MTOR_SIGNALING,HALLMARK_PROTEIN_SECRETION,0.03076923076923077
HALLMARK_TGF_BETA_SIGNALING,HALLMARK_TNFA_SIGNALING_VIA_NFKB,0.040983606557377046
HALLMARK_TGF_BETA_SIGNALING,HALLMARK_UV_RESPONSE_DN,0.03125
HALLMARK_TNFA_SIGNALING_VIA_NFKB,HALLMARK_UV_RESPONSE_DN,0.03614457831325301
HALLMARK_TNFA_SIGNALING_VIA_NFKB,HALLMARK_UV_RESPONSE_UP,0.05917159763313609
HALLMARK_UV_RESPONSE_UP,HALLMARK_XENOBIOTIC_METABOLISM,0.03170028818443804
