name,community,x,y
HALLMARK_ADIPOGENESIS,1,-7.197255222651999,-20.19800665980783
HALLMARK_ALLOGRAFT_REJECTION,2,-14.483712777698567,-23.332278493161127
HALLMARK_ANDROGEN_RESPONSE,3,-8.465633119044309,-23.73264584690412
HALLMARK_ANGIOGENESIS,4,-15.558594820876664,-20.513308538443255
HALLMARK_APICAL_JUNCTION,4,-13.755470477638433,-18.60991843802114
HALLMARK_APICAL_SURFACE,5,-16.548533863030148,-16.526500147607127
HALLMARK_APOPTOSIS,2,-12.914517617679008,-22.47286863553473
HALLMARK_BILE_ACID_METABOLISM,1,-6.51914016202866,-21.030001892331327
HALLMARK_CHOLESTEROL_HOMEOSTASIS,6,-11.069804950978403,-18.624709618727916
HALLMARK_COAGULATION,4,-12.583752255035046,-21.870138701632044
HALLMARK_COMPLEMENT,4,-12.894636680373788,-22.696600362404276
HALLMARK_DNA_REPAIR,7,-12.435163804484462,-15.997958964138647
HALLMARK_E2F_TARGETS,7,-10.783646485249834,-15.57624124861154
HALLMARK_EPITHELIAL_MESENCHYMAL_TRANSITION,4,-13.947851723114075,-20.746586368942907
HALLMARK_ESTROGEN_RESPONSE_EARLY,3,-9.759136031915157,-24.173697363316553
HALLMARK_ESTROGEN_RESPONSE_LATE,3,-9.166927528529506,-24.097184228298048
HALLMARK_FATTY_ACID_METABOLISM,1,-7.715157062968015,-20.012582821059212
HALLMARK_G2M_CHECKPOINT,7,-11.48434046220717,-15.827638433292394
HALLMARK_GLYCOLYSIS,6,-9.977691788255202,-20.297660853677073
HALLMARK_HEDGEHOG_SIGNALING,4,-16.480530423851555,-20.068592523585025
HALLMARK_HEME_METABOLISM,6,-8.860726744688995,-18.43834300627157
HALLMARK_HYPOXIA,6,-10.935604263539938,-20.654692744328067
HALLMARK_IL2_STAT5_SIGNALING,2,-13.191122510968752,-24.2191626982764
HALLMARK_IL6_JAK_STAT3_SIGNALING,2,-14.360372943569583,-22.74538683664921
HALLMARK_INFLAMMATORY_RESPONSE,2,-13.697146585681612,-23.18840741782184
HALLMARK_INTERFERON_ALPHA_RESPONSE,2,-14.569848679906992,-24.16729368470563
HALLMARK_INTERFERON_GAMMA_RESPONSE,2,-13.863962322950112,-24.004588429770198
HALLMARK_KRAS_SIGNALING_DN,8,-14.87932099963646,-15.079782359704373
HALLMARK_KRAS_SIGNALING_UP,2,-12.369369560762275,-24.47123241241674
HALLMARK_MITOTIC_SPINDLE,7,-11.471146788695744,-14.925916433034947
HALLMARK_MTORC1_SIGNALING,6,-10.252320621463417,-19.559345639278
HALLMARK_MYC_TARGETS_V1,7,-10.123520002017592,-16.18642002872174
HALLMARK_MYC_TARGETS_V2,7,-9.82791065492855,-15.488575759140454
HALLMARK_MYOGENESIS,4,-12.947323077493238,-19.63001607392571
HALLMARK_NOTCH_SIGNALING,4,-16.308872152881612,-18.95465331131947
HALLMARK_OXIDATIVE_PHOSPHORYLATION,1,-6.801912640997393,-19.004298986283487
HALLMARK_P53_PATHWAY,2,-12.831913394352183,-21.59726809402408
HALLMARK_PANCREAS_BETA_CELLS,9,-7.4765462407483385,-15.962598194638149
HALLMARK_PEROXISOME,1,-6.523004600973281,-20.220260394172612
HALLMARK_PI3K_AKT_MTOR_SIGNALING,6,-12.820203440117655,-19.163678277617855
HALLMARK_PROTEIN_SECRETION,6,-13.576152762954054,-17.639376391779734
HALLMARK_REACTIVE_OXYGEN_SPECIES_PATHWAY,6,-8.522845907083116,-21.387065097637763
HALLMARK_SPERMATOGENESIS,7,-12.46658558434995,-14.896315094374772
HALLMARK_TGF_BETA_SIGNALING,2,-15.545998449136208,-22.571184181598703
HALLMARK_TNFA_SIGNALING_VIA_NFKB,2,-12.996742161101821,-23.113170730624265
HALLMARK_UNFOLDED_PROTEIN_RESPONSE,7,-9.862806072454253,-16.96284105456168
HALLMARK_UV_RESPONSE_DN,4,-14.634923737679745,-20.10929421155027
HALLMARK_UV_RESPONSE_UP,2,-11.418895421254893,-22.78113025197281
HALLMARK_WNT_BETA_CATENIN_SIGNALING,4,-15.485927063529955,-19.06209816967052
HALLMARK_XENOBIOTIC_METABOLISM,1,-8.074439432174643,-21.396067602136696
