Pathway,dual,singleA,singleB,NTNT,Expected,GI
HALLMARK-ADIPOGENESIS,0.10568411858733949,0.10655283873333729,0.10753749314909233,0.10659816047716861,0.10749217140526102,-0.0018080528179215266
HALLMARK-ALLOGRAFT-REJECTION,0.09671189465818793,0.09820471760770268,0.09955443951284126,0.09632109368568942,0.10143806343485451,-0.004726168776666595
HALLMARK-ANDROGEN-RESPONSE,0.08973613093470459,0.08938632917754809,0.08885982156104809,0.089130752425101,0.08911539831349517,6.207326212094161e-4
HALLMARK-ANGIOGENESIS,0.08986692767637416,0.10153785648835154,0.09302357667983706,0.10163950955422753,0.09292192361396105,-0.003054995937586902
HALLMARK-APICAL-JUNCTION,0.0786378049667594,0.07295620209527497,0.07566686710512556,0.07817694192780532,0.07044612727259521,0.008191677694164193
HALLMARK-APICAL-SURFACE,0.016995932454086034,0.01564168406273669,0.016500080126370744,0.015873174290997993,0.01626858989810944,7.273425559765935e-4
HALLMARK-APOPTOSIS,0.12114096215050897,0.12587333555119476,0.12534722170450627,0.12387418820151154,0.1273463690541895,-0.00620540690368053
HALLMARK-BILE-ACID-METABOLISM,0.016691762437092805,0.017562559050124292,0.017149297868558403,0.01725783029984363,0.017454026618839068,-7.62264181746259e-4
HALLMARK-CHOLESTEROL-HOMEOSTASIS,0.1041953989535536,0.10737480650048954,0.10874024493811664,0.10471025586584266,0.11140479557276352,-0.007209396619209912
HALLMARK-COAGULATION,0.06552042171571568,0.06756606262141154,0.06779607081514491,0.06753023382353959,0.06783189961301686,-0.002311477897301184
HALLMARK-COMPLEMENT,0.08543888954320074,0.08888374729624564,0.08923692554965826,0.0889190561829692,0.08920161666293468,-0.0037627271197339524
HALLMARK-DNA-REPAIR,0.11238339897840141,0.1148504515699297,0.11363169141753528,0.11010926306039487,0.11837287992707013,-0.0059894809486687045
HALLMARK-E2F-TARGETS,0.16518878520917343,0.16653804167057562,0.16805422144247287,0.15580313117683392,0.17878913193621454,-0.013600346727041135
HALLMARK-EPITHELIAL-MESENCHYMAL-TRANSITION,0.11557660919928629,0.11966130789510339,0.11739629346795494,0.11859385559252121,0.1184637457705371,-0.002887136571250823
HALLMARK-ESTROGEN-RESPONSE-EARLY,0.04412315262472688,0.04123345845200152,0.04261028089413023,0.04417077660891906,0.039672962737212686,0.004450189887514194
HALLMARK-ESTROGEN-RESPONSE-LATE,0.05695563304647467,0.05504039026481177,0.05640634478543298,0.056629750049837245,0.0548169850004075,0.002138648046067164
HALLMARK-FATTY-ACID-METABOLISM,0.09524237226281028,0.09624002226527467,0.09688914057027675,0.09639251439409338,0.09673664844145805,-0.001494276178647766
HALLMARK-G2M-CHECKPOINT,0.15938114564800077,0.16038275309798491,0.1591905072370234,0.1515235548063729,0.16804970552863543,-0.008668559880634669
HALLMARK-GLYCOLYSIS,0.10763503447847769,0.10931728825701689,0.10883493049442791,0.1095417261159198,0.10861049263552501,-9.754581570473181e-4
HALLMARK-HEDGEHOG-SIGNALING,0.04498947818279094,0.04131832102129133,0.0440981099704867,0.044300902482886366,0.04111552850889167,0.003873949673899278
HALLMARK-HEME-METABOLISM,0.04986983194480129,0.05032770107129617,0.04918715676845748,0.051276028140421474,0.04823882969933218,0.0016310022454691098
HALLMARK-HYPOXIA,0.09928197197233428,0.09932257596820557,0.10052471535705496,0.10136856859104794,0.09847872273421258,8.032492381216949e-4
HALLMARK-IL2-STAT5-SIGNALING,0.08333078288998913,0.07839624415881094,0.08312969918039925,0.08500410745255378,0.07652183588665641,0.006808947003332719
HALLMARK-IL6-JAK-STAT3-SIGNALING,0.05084700558833288,0.05372474383446646,0.05590662704150683,0.05110003972575798,0.05853133115021532,-0.007684325561882428
HALLMARK-INFLAMMATORY-RESPONSE,0.05014858766277922,0.052605480310704195,0.05256544052248546,0.05019330556426518,0.05497761526892448,-0.004829027606145259
HALLMARK-INTERFERON-ALPHA-RESPONSE,0.12488659990271216,0.12671004439741057,0.13076934110631844,0.12839954058106748,0.12907984492266153,-0.00419324501994936
HALLMARK-INTERFERON-GAMMA-RESPONSE,0.09693163097057124,0.100885203575474,0.10309071374908534,0.10024348509890199,0.10373243222565734,-0.0068008012550861
HALLMARK-KRAS-SIGNALING-DN,0.006532408941125367,0.005805267242629186,0.006321406085568783,0.006448145086507137,0.005678528241690833,8.53880699434535e-4
HALLMARK-KRAS-SIGNALING-UP,0.02760919033486353,0.024192313265875034,0.025780836203051372,0.0282068573381993,0.021766292130727106,0.005842898204136426
HALLMARK-MITOTIC-SPINDLE,0.09855733235136792,0.09618550592505541,0.09972794253670657,0.0976189126235384,0.09829453583822358,2.6279651314434216e-4
HALLMARK-MTORC1-SIGNALING,0.21144257866938493,0.20653104824610027,0.20813375991399952,0.20588448872997017,0.2087803194301296,0.00266225923925531
HALLMARK-MYC-TARGETS-V1,0.4452560512555614,0.4418992432052132,0.4434597167850757,0.43614456417485037,0.44921439581543854,-0.003958344559877092
HALLMARK-MYC-TARGETS-V2,0.20328095037201468,0.19721392415859137,0.20219194058034057,0.19011012454909704,0.20929574018983488,-0.006014789817820221
HALLMARK-MYOGENESIS,0.0670561693454521,0.06440709406155917,0.06658108379471579,0.0688198363362869,0.06216834151998808,0.004887827825464028
HALLMARK-NOTCH-SIGNALING,0.08699175169608493,0.09319393936939635,0.08772132950405265,0.08759618637290395,0.09331908250054505,-0.006327330804460116
HALLMARK-OXIDATIVE-PHOSPHORYLATION,0.2539959018342473,0.26430579875248006,0.2614699082176766,0.25456245248615406,0.2712132544840027,-0.017217352649755324
HALLMARK-P53-PATHWAY,0.08594430018427436,0.08472921346437191,0.086189752135619635,0.0873355280592936,0.08358343754069794,0.0023608626435764057
HALLMARK-PANCREAS-BETA-CELLS,0.04120248585456183,0.04672635236618415,0.04098727867759185,0.039874904860981844,0.04783872618279415,-0.006636240328232332
HALLMARK-PEROXISOME,0.07559798052606602,0.07697391119851016,0.07621740178094603,0.07523588041506313,0.07795543256439308,-0.002357452038327046
HALLMARK-PI3K-AKT-MTOR-SIGNALING,0.13969501002586857,0.14084983092336031,0.1384454339949697,0.13425624595441446,0.14503901896391555,-0.005344008938046985
HALLMARK-PROTEIN-SECRETION,0.11402680485726165,0.11595022988136196,0.11306403311608426,0.11367165379071982,0.11534260920672638,-0.0013158043494647526
HALLMARK-REACTIVE-OXYGEN-SPECIES-PATHWAY,0.15381853678281796,0.1554481310578872,0.15486222468108077,0.15640242363000764,0.15390793210896034,-8.939532614238299e-5
HALLMARK-SPERMATOGENESIS,0.026580582525000875,0.02842762366571891,0.027234556284453766,0.02704856952592856,0.028613610424244117,-0.002033027899243242
HALLMARK-TGF-BETA-SIGNALING,0.09004594999271957,0.08735628539550108,0.08947141227842988,0.09156050164109834,0.08526719603283263,0.004778753959886958
HALLMARK-TNFA-SIGNALING-VIA-NFKB,0.06506168656802136,0.06612412390197216,0.068305984361607,0.06525710746840584,0.06917300079517331,-0.004111314227151955
HALLMARK-UNFOLDED-PROTEIN-RESPONSE,0.22533317106948192,0.2177781179354713,0.22341881128421873,0.21967555823269597,0.22152137098699404,0.003811800082487854
HALLMARK-UV-RESPONSE-DN,0.060244259753462995,0.06114597155294831,0.06016258051753768,0.06306323087247608,0.05824532119800992,0.001998938555453078
HALLMARK-UV-RESPONSE-UP,0.0975690409164443,0.09728435949969848,0.09743835392519574,0.0973867072566423,0.09733600616825193,2.3303474819237613e-4
HALLMARK-WNT-BETA-CATENIN-SIGNALING,0.05393555296046089,0.044114705972235276,0.05114550181229501,0.05147725463657024,0.043782953147960046,0.010152599812500843
HALLMARK-XENOBIOTIC-METABOLISM,0.05038046684054695,0.04678502779744858,0.04924947649069993,0.04910267440334333,0.04693182988480518,0.0034486369557417684
