"","Pten","Krt15","Clca2","Sox10","Stk11","Brca1","Chit1","Brca2","Chek2","Tsc2","Calml3","Tgfbr2","Smad4","Rb1","Serpinb5","Kit","Apc"
"Btla",0.491473417189405,-0.550840956822754,,-0.688515179950408,0.847320988708245,-0.431973730314673,-0.339797356846279,-0.270647937926679,-0.907534043377954,-0.715617364629406,-2.51604641890066,-1.29332503478806,0.214129250758183,-0.912675688869332,-1.50199129023438,-1.09896321796139,-1.38953093487118
"Mpeg1",0.895492494023022,0.534693708327299,1.54950980052631,0.241475187519734,0.267830881445909,0.284276529765739,0.100510311277597,1.80165609542349,0.786032574451018,0.274275077128436,,-0.363330858691631,-0.594381172569001,0.332859366719827,0.537405450245715,0.688684086480927,-0.415284329912289
"Cxcr5",-2.53515810562343,-0.933904971809288,,0.712457531782543,0.128899811642584,0.430763914128244,0.336043378298191,0.321006921705628,,0.19273238826147,0.298604581868379,-0.859408241578655,0.245969366541828,,0.937547345516205,0.0968540300392842,-0.577836499965633
"Fcrl6",-0.480023359588173,-1.01024507716424,1.42290344539713,1.03999939271477,0.734151467129869,0.59919660317321,0.392852848038484,0.125776738084858,0.556265767633348,0.354545684814572,-1.01210368679371,-0.598875351591094,-0.140019673435358,,,0.619968850958377,
"Pdcd1lg2",-0.6087625454397,-0.686428052743538,-0.706197108363943,0.857276737830069,-0.521689731199785,0.440049345023044,0.695638638086302,0.272705923096993,0.29900067900253,0.457774691776284,-0.822982539741959,-0.584890075854546,-0.165598407598391,1.06772619210532,,0.212834317819613,0.0573738099180808
"Pla2g2a",-0.821491843412088,,0.832366036718285,-0.2391528836849,1.2853411958824,,1.55306477230531,-0.506579387257197,0.189089056352543,0.197238754887691,-0.441398556931684,0.828328892850981,,,,-0.347980571292779,0.0691935007461863
"Hgf",-0.541928771304365,0.827797970346168,0.529399717784325,1.05763333243706,0.567485980683422,1.80522096963085,0.973013273527844,-0.00158372504972098,,0.467501923320713,0.67846935077139,0.291490067958828,0.207349895962143,,0.977903549684087,0.697817172324131,-0.112125294488059
"Mfap5",-2.2431354934709,-1.20959619443069,-1.51721132261411,0.988141137151365,0.93562779786609,0.383544565385944,0.426970522343495,0.994851936674186,,0.0757466231406048,,0.107723849470686,0.707445379585022,-1.33493046837904,-0.795644220232987,0.565650222811685,0.271395755653265
"Cxcr2",-1.32962886058348,-1.1119811026203,-1.79055643144093,0.396966164431586,0.169057967243392,0.697687679030274,-0.111988183941622,1.62465399722623,1.09661081388799,-0.168652925882898,-2.07407057246181,-0.5564853409844,-0.554520089818807,0.114099489879995,,,-0.209138623344638
"Tlr7",-0.456044248466902,1.29610665895346,-1.39957047377138,1.68677269201465,0.206123518296793,0.0553247689741093,0.421950752893394,-0.15971788860677,,0.365453590508874,,-1.13778835436073,-0.759226135648871,-1.40675354295415,-0.868259489076405,0.109056868672155,-0.251901879327744
"Il6",-0.732733331176259,,-0.55941036597505,,0.875718106325811,0.433810815160172,1.09250321043432,0.999910554112443,0.966211066974065,0.109483434816625,,-0.910961807038872,-0.422962520512747,-1.44510640969354,1.3906443807216,-1.42933869685332,
"Pla2r1",-1.53243821052117,-0.465459172655559,-0.846656960760037,-1.01728341854799,-0.0567783372430919,-0.178966685875974,-0.133628798520889,-0.0300189289301866,,-0.151971142733094,-1.00524815947188,-1.66153769241972,-1.03191616075382,-0.664909314205548,-0.609760405527656,-0.769951227281257,-1.30529173859096
"Mysm1",-2.08998301310105,-0.193911735437579,,0.321029773463367,0.288504104947539,0.455230529414624,0.599394651740285,0.406365854115083,-0.442229599188142,0.0743450486659181,-1.29169494273598,-0.505198379364476,-0.448708834232536,-1.18322526599935,-0.368400140283501,-1.14871911181277,-0.467934779744
"Tnfsf15",-0.892756573373104,-1.05747204315912,-1.13634107637057,1.01138137477239,0.544862740521358,0.267617598373674,0.325668680284477,,,0.239327122292225,,-0.733197983583629,-0.510065803762981,-1.24679123877795,-0.502593278982178,-1.37186652613858,0.250608273362938
"Cdh1",5.69954896831606,2.55609164268654,-0.258597444345405,0.660660214239772,1.13708889409715,,0.387497919474871,0.398108752318559,0.41873627230471,1.51428000734465,0.0471743087137026,-0.169186133563486,1.43859498571156,-1.25279363381084,-0.793229551165185,-0.550620056497939,-1.16696014656567
"Cx3cl1",2.5060919967526,0.744556634153902,0.196160151922389,,0.102620290242208,0.513647239449259,0.764689032722365,0.149862490742247,0.481502433562421,0.429347105148398,-1.43530300562332,-1.02937961564474,-0.624309357955111,,,0.240126933813106,1.60085770016687
"Muc16",4.84201390738516,-0.979631339045944,-1.11917940630823,0.6788806824107,1.32454795663599,1.22477108854345,0.34116217203183,0.440414973146876,-0.476639775992218,-0.116855608340127,,-0.9907449105599,-0.21791369831659,1.56255815419554,,-0.105528753753936,-0.00750994755682018
