stringId_A	stringId_B	preferredName_A	preferredName_B	ncbiTaxonId	score	nscore	fscore	pscore	ascore	escore	dscore	tscore
10090.ENSMUSP00000000312	10090.ENSMUSP00000067877	Cdh1	Btla	10090	0.162	0	0	0	0.048	0	0	0.156
10090.ENSMUSP00000000312	10090.ENSMUSP00000050144	Cdh1	Tnfsf15	10090	0.169	0	0	0	0	0	0	0.17
10090.ENSMUSP00000000312	10090.ENSMUSP00000149508	Cdh1	Cxcr5	10090	0.195	0	0	0	0.053	0	0	0.184
10090.ENSMUSP00000000312	10090.ENSMUSP00000107787	Cdh1	Tlr7	10090	0.223	0	0	0	0	0	0	0.223
10090.ENSMUSP00000000312	10090.ENSMUSP00000034230	Cdh1	Cx3cl1	10090	0.248	0	0	0	0	0	0	0.249
10090.ENSMUSP00000000312	10090.ENSMUSP00000022701	Cdh1	Rb1	10090	0.29	0	0	0	0	0	0	0.29
10090.ENSMUSP00000000312	10090.ENSMUSP00000158422	Cdh1	Pdcd1lg2	10090	0.335	0	0	0	0	0	0	0.335
10090.ENSMUSP00000000312	10090.ENSMUSP00000094986	Cdh1	Tsc2	10090	0.342	0	0	0	0	0	0	0.342
10090.ENSMUSP00000000312	10090.ENSMUSP00000103034	Cdh1	Krt15	10090	0.369	0	0	0	0.075	0.065	0	0.329
10090.ENSMUSP00000000312	10090.ENSMUSP00000066679	Cdh1	Chek2	10090	0.375	0	0	0	0	0	0	0.375
10090.ENSMUSP00000000312	10090.ENSMUSP00000102512	Cdh1	Cxcr2	10090	0.378	0	0	0	0.041	0	0	0.378
10090.ENSMUSP00000000312	10090.ENSMUSP00000147104	Cdh1	Muc16	10090	0.382	0	0	0	0.073	0.051	0	0.354
10090.ENSMUSP00000000312	10090.ENSMUSP00000155574	Cdh1	Sox10	10090	0.393	0	0	0	0.054	0	0	0.385
10090.ENSMUSP00000000312	10090.ENSMUSP00000003152	Cdh1	Stk11	10090	0.436	0	0	0	0	0	0	0.436
10090.ENSMUSP00000000312	10090.ENSMUSP00000038576	Cdh1	Brca2	10090	0.443	0	0	0	0	0	0	0.443
10090.ENSMUSP00000000312	10090.ENSMUSP00000108350	Cdh1	Serpinb5	10090	0.471	0	0	0	0.138	0	0	0.412
10090.ENSMUSP00000000312	10090.ENSMUSP00000023128	Cdh1	Itga5	10090	0.52	0	0	0	0	0	0	0.52
10090.ENSMUSP00000000312	10090.ENSMUSP00000076880	Cdh1	Calml3	10090	0.599	0	0	0	0.098	0	0	0.574
10090.ENSMUSP00000000312	10090.ENSMUSP00000062333	Cdh1	Tgfbr2	10090	0.61	0	0	0	0	0.065	0	0.601
10090.ENSMUSP00000000312	10090.ENSMUSP00000017290	Cdh1	Brca1	10090	0.635	0	0	0	0.071	0.07	0	0.612
10090.ENSMUSP00000000312	10090.ENSMUSP00000005815	Cdh1	Kit	10090	0.651	0	0	0	0.147	0.052	0	0.604
10090.ENSMUSP00000000312	10090.ENSMUSP00000143424	Cdh1	Hgf	10090	0.691	0	0	0	0	0	0	0.691
10090.ENSMUSP00000000312	10090.ENSMUSP00000026845	Cdh1	Il6	10090	0.696	0	0	0	0	0	0	0.696
10090.ENSMUSP00000000312	10090.ENSMUSP00000025393	Cdh1	Smad4	10090	0.727	0	0	0	0.042	0.046	0	0.725
10090.ENSMUSP00000000312	10090.ENSMUSP00000078337	Cdh1	Apc	10090	0.847	0	0	0	0	0	0.72	0.477
10090.ENSMUSP00000000312	10090.ENSMUSP00000013807	Cdh1	Pten	10090	0.905	0	0	0	0	0	0	0.905
10090.ENSMUSP00000003152	10090.ENSMUSP00000067877	Stk11	Btla	10090	0.151	0	0	0	0.084	0	0	0.112
10090.ENSMUSP00000003152	10090.ENSMUSP00000078337	Stk11	Apc	10090	0.211	0	0	0	0.042	0	0	0.211
10090.ENSMUSP00000003152	10090.ENSMUSP00000022701	Stk11	Rb1	10090	0.213	0	0	0	0.052	0	0	0.204
10090.ENSMUSP00000003152	10090.ENSMUSP00000005815	Stk11	Kit	10090	0.217	0	0	0	0.046	0	0	0.213
10090.ENSMUSP00000003152	10090.ENSMUSP00000147104	Stk11	Muc16	10090	0.228	0	0	0	0	0.103	0	0.175
10090.ENSMUSP00000003152	10090.ENSMUSP00000158422	Stk11	Pdcd1lg2	10090	0.246	0	0	0	0.059	0	0	0.231
10090.ENSMUSP00000003152	10090.ENSMUSP00000062333	Stk11	Tgfbr2	10090	0.266	0	0	0	0.059	0.097	0	0.206
10090.ENSMUSP00000003152	10090.ENSMUSP00000102512	Stk11	Cxcr2	10090	0.274	0	0	0	0	0.041	0	0.274
10090.ENSMUSP00000003152	10090.ENSMUSP00000066679	Stk11	Chek2	10090	0.28	0	0	0	0.046	0.069	0	0.254
10090.ENSMUSP00000003152	10090.ENSMUSP00000143424	Stk11	Hgf	10090	0.289	0	0	0	0.049	0.082	0	0.251
10090.ENSMUSP00000003152	10090.ENSMUSP00000026845	Stk11	Il6	10090	0.447	0	0	0	0.082	0	0	0.423
10090.ENSMUSP00000003152	10090.ENSMUSP00000076880	Stk11	Calml3	10090	0.519	0	0	0	0	0.131	0	0.469
10090.ENSMUSP00000003152	10090.ENSMUSP00000017290	Stk11	Brca1	10090	0.729	0	0	0	0.068	0	0	0.721
10090.ENSMUSP00000003152	10090.ENSMUSP00000038576	Stk11	Brca2	10090	0.738	0	0	0	0	0	0	0.738
10090.ENSMUSP00000003152	10090.ENSMUSP00000025393	Stk11	Smad4	10090	0.741	0	0	0	0.079	0.041	0	0.73
10090.ENSMUSP00000003152	10090.ENSMUSP00000094986	Stk11	Tsc2	10090	0.868	0	0	0	0.071	0.105	0	0.854
10090.ENSMUSP00000003152	10090.ENSMUSP00000013807	Stk11	Pten	10090	0.907	0	0	0	0.048	0.096	0	0.901
10090.ENSMUSP00000005815	10090.ENSMUSP00000075269	Kit	Mysm1	10090	0.169	0	0	0	0	0	0	0.17
10090.ENSMUSP00000005815	10090.ENSMUSP00000108573	Kit	Mpeg1	10090	0.181	0	0	0	0.111	0	0	0.116
10090.ENSMUSP00000005815	10090.ENSMUSP00000078337	Kit	Apc	10090	0.19	0	0	0	0	0	0	0.19
10090.ENSMUSP00000005815	10090.ENSMUSP00000050144	Kit	Tnfsf15	10090	0.205	0	0	0	0.05	0	0	0.198
10090.ENSMUSP00000005815	10090.ENSMUSP00000103034	Kit	Krt15	10090	0.213	0	0	0	0	0	0	0.213
10090.ENSMUSP00000005815	10090.ENSMUSP00000076880	Kit	Calml3	10090	0.217	0	0	0	0.053	0	0	0.207
10090.ENSMUSP00000005815	10090.ENSMUSP00000022701	Kit	Rb1	10090	0.242	0	0	0	0.056	0	0	0.23
10090.ENSMUSP00000005815	10090.ENSMUSP00000062333	Kit	Tgfbr2	10090	0.243	0	0	0	0.103	0.072	0	0.164
10090.ENSMUSP00000005815	10090.ENSMUSP00000067877	Kit	Btla	10090	0.263	0	0	0	0.104	0	0	0.211
10090.ENSMUSP00000005815	10090.ENSMUSP00000147104	Kit	Muc16	10090	0.283	0	0	0	0.111	0.042	0	0.225
10090.ENSMUSP00000005815	10090.ENSMUSP00000034230	Kit	Cx3cl1	10090	0.308	0	0	0	0.081	0	0	0.278
10090.ENSMUSP00000005815	10090.ENSMUSP00000066679	Kit	Chek2	10090	0.309	0	0	0	0.058	0	0	0.297
10090.ENSMUSP00000005815	10090.ENSMUSP00000149508	Kit	Cxcr5	10090	0.339	0	0	0	0.076	0	0	0.314
10090.ENSMUSP00000005815	10090.ENSMUSP00000094986	Kit	Tsc2	10090	0.37	0	0	0	0	0	0	0.37
10090.ENSMUSP00000005815	10090.ENSMUSP00000158422	Kit	Pdcd1lg2	10090	0.394	0	0	0	0.09	0	0	0.362
10090.ENSMUSP00000005815	10090.ENSMUSP00000107787	Kit	Tlr7	10090	0.398	0	0	0	0.206	0.054	0	0.263
10090.ENSMUSP00000005815	10090.ENSMUSP00000038576	Kit	Brca2	10090	0.407	0	0	0	0.043	0	0	0.406
10090.ENSMUSP00000005815	10090.ENSMUSP00000108350	Kit	Serpinb5	10090	0.41	0	0	0	0	0	0	0.411
10090.ENSMUSP00000005815	10090.ENSMUSP00000025393	Kit	Smad4	10090	0.41	0	0	0	0	0	0	0.41
10090.ENSMUSP00000005815	10090.ENSMUSP00000023128	Kit	Itga5	10090	0.411	0	0	0	0.094	0.065	0	0.361
10090.ENSMUSP00000005815	10090.ENSMUSP00000102512	Kit	Cxcr2	10090	0.443	0	0	0	0.091	0	0	0.412
10090.ENSMUSP00000005815	10090.ENSMUSP00000017290	Kit	Brca1	10090	0.466	0	0	0	0	0	0	0.466
10090.ENSMUSP00000005815	10090.ENSMUSP00000155574	Kit	Sox10	10090	0.499	0	0	0	0.057	0	0	0.49
10090.ENSMUSP00000005815	10090.ENSMUSP00000013807	Kit	Pten	10090	0.701	0	0	0	0	0.077	0	0.69
10090.ENSMUSP00000005815	10090.ENSMUSP00000026845	Kit	Il6	10090	0.805	0	0	0	0.068	0	0	0.8
10090.ENSMUSP00000005815	10090.ENSMUSP00000143424	Kit	Hgf	10090	0.919	0	0	0	0	0	0.65	0.778
10090.ENSMUSP00000013807	10090.ENSMUSP00000075269	Pten	Mysm1	10090	0.18	0	0	0	0.084	0.072	0	0.112
10090.ENSMUSP00000013807	10090.ENSMUSP00000149508	Pten	Cxcr5	10090	0.247	0	0	0	0.064	0	0	0.229
10090.ENSMUSP00000013807	10090.ENSMUSP00000067877	Pten	Btla	10090	0.267	0	0	0	0.064	0	0	0.249
10090.ENSMUSP00000013807	10090.ENSMUSP00000147104	Pten	Muc16	10090	0.28	0	0	0	0	0.067	0	0.26
10090.ENSMUSP00000013807	10090.ENSMUSP00000034230	Pten	Cx3cl1	10090	0.28	0	0	0	0.055	0.091	0	0.23
10090.ENSMUSP00000013807	10090.ENSMUSP00000023128	Pten	Itga5	10090	0.299	0	0	0	0	0	0	0.299
10090.ENSMUSP00000013807	10090.ENSMUSP00000107787	Pten	Tlr7	10090	0.347	0	0	0	0.053	0.094	0	0.3
10090.ENSMUSP00000013807	10090.ENSMUSP00000102512	Pten	Cxcr2	10090	0.373	0	0	0	0.051	0	0	0.367
10090.ENSMUSP00000013807	10090.ENSMUSP00000155574	Pten	Sox10	10090	0.383	0	0	0	0	0.044	0	0.381
10090.ENSMUSP00000013807	10090.ENSMUSP00000108350	Pten	Serpinb5	10090	0.396	0	0	0	0	0	0	0.396
10090.ENSMUSP00000013807	10090.ENSMUSP00000078337	Pten	Apc	10090	0.437	0	0	0	0.12	0	0	0.387
10090.ENSMUSP00000013807	10090.ENSMUSP00000076880	Pten	Calml3	10090	0.456	0	0	0	0	0.096	0	0.423
10090.ENSMUSP00000013807	10090.ENSMUSP00000158422	Pten	Pdcd1lg2	10090	0.502	0	0	0	0	0	0	0.502
10090.ENSMUSP00000013807	10090.ENSMUSP00000062333	Pten	Tgfbr2	10090	0.555	0	0	0	0.051	0.091	0	0.526
10090.ENSMUSP00000013807	10090.ENSMUSP00000143424	Pten	Hgf	10090	0.593	0	0	0	0.075	0	0	0.578
10090.ENSMUSP00000013807	10090.ENSMUSP00000066679	Pten	Chek2	10090	0.666	0	0.012	0	0	0.081	0	0.652
10090.ENSMUSP00000013807	10090.ENSMUSP00000022701	Pten	Rb1	10090	0.701	0	0	0	0.092	0	0	0.684
10090.ENSMUSP00000013807	10090.ENSMUSP00000026845	Pten	Il6	10090	0.707	0	0	0	0	0	0	0.707
10090.ENSMUSP00000013807	10090.ENSMUSP00000038576	Pten	Brca2	10090	0.768	0	0	0	0	0	0	0.768
10090.ENSMUSP00000013807	10090.ENSMUSP00000017290	Pten	Brca1	10090	0.78	0	0	0	0.067	0	0	0.774
10090.ENSMUSP00000013807	10090.ENSMUSP00000025393	Pten	Smad4	10090	0.81	0	0	0	0.086	0.043	0	0.801
10090.ENSMUSP00000013807	10090.ENSMUSP00000094986	Pten	Tsc2	10090	0.863	0	0	0	0.042	0	0	0.863
10090.ENSMUSP00000017290	10090.ENSMUSP00000102512	Brca1	Cxcr2	10090	0.156	0	0	0	0	0	0	0.156
10090.ENSMUSP00000017290	10090.ENSMUSP00000155574	Brca1	Sox10	10090	0.163	0	0	0	0	0	0	0.163
10090.ENSMUSP00000017290	10090.ENSMUSP00000023128	Brca1	Itga5	10090	0.179	0	0	0	0.061	0	0	0.162
10090.ENSMUSP00000017290	10090.ENSMUSP00000108350	Brca1	Serpinb5	10090	0.221	0	0	0	0	0	0	0.221
10090.ENSMUSP00000017290	10090.ENSMUSP00000078337	Brca1	Apc	10090	0.226	0	0	0	0.064	0	0	0.206
10090.ENSMUSP00000017290	10090.ENSMUSP00000076880	Brca1	Calml3	10090	0.227	0	0	0	0	0	0	0.227
10090.ENSMUSP00000017290	10090.ENSMUSP00000143424	Brca1	Hgf	10090	0.256	0	0	0	0.047	0	0	0.252
10090.ENSMUSP00000017290	10090.ENSMUSP00000158422	Brca1	Pdcd1lg2	10090	0.267	0	0	0	0	0	0	0.267
10090.ENSMUSP00000017290	10090.ENSMUSP00000075269	Brca1	Mysm1	10090	0.341	0	0	0	0	0.243	0	0.166
10090.ENSMUSP00000017290	10090.ENSMUSP00000062333	Brca1	Tgfbr2	10090	0.356	0	0	0	0	0.07	0	0.336
10090.ENSMUSP00000017290	10090.ENSMUSP00000094986	Brca1	Tsc2	10090	0.378	0	0	0	0	0	0	0.378
10090.ENSMUSP00000017290	10090.ENSMUSP00000147104	Brca1	Muc16	10090	0.41	0	0	0	0	0.069	0	0.392
10090.ENSMUSP00000017290	10090.ENSMUSP00000026845	Brca1	Il6	10090	0.431	0	0	0	0	0	0	0.431
10090.ENSMUSP00000017290	10090.ENSMUSP00000025393	Brca1	Smad4	10090	0.553	0	0	0	0.042	0.085	0	0.531
10090.ENSMUSP00000017290	10090.ENSMUSP00000022701	Brca1	Rb1	10090	0.649	0	0	0	0.069	0.396	0	0.427
10090.ENSMUSP00000017290	10090.ENSMUSP00000066679	Brca1	Chek2	10090	0.996	0	0	0	0.16	0.566	0.5	0.982
10090.ENSMUSP00000017290	10090.ENSMUSP00000038576	Brca1	Brca2	10090	0.999	0	0	0	0.276	0.8	0.9	0.999
10090.ENSMUSP00000022701	10090.ENSMUSP00000062333	Rb1	Tgfbr2	10090	0.161	0	0	0	0.043	0.085	0	0.119
10090.ENSMUSP00000022701	10090.ENSMUSP00000026845	Rb1	Il6	10090	0.184	0	0	0	0	0	0	0.184
10090.ENSMUSP00000022701	10090.ENSMUSP00000143424	Rb1	Hgf	10090	0.191	0	0	0	0	0	0	0.191
10090.ENSMUSP00000022701	10090.ENSMUSP00000094986	Rb1	Tsc2	10090	0.206	0	0	0	0.042	0.064	0	0.185
10090.ENSMUSP00000022701	10090.ENSMUSP00000025393	Rb1	Smad4	10090	0.299	0	0	0	0.111	0.053	0	0.233
10090.ENSMUSP00000022701	10090.ENSMUSP00000038576	Rb1	Brca2	10090	0.314	0	0	0	0.068	0	0	0.294
10090.ENSMUSP00000022701	10090.ENSMUSP00000066679	Rb1	Chek2	10090	0.421	0	0	0	0.251	0.093	0	0.216
10090.ENSMUSP00000023128	10090.ENSMUSP00000122863	Itga5	Mfap5	10090	0.167	0	0	0	0.112	0	0	0.099
10090.ENSMUSP00000023128	10090.ENSMUSP00000102512	Itga5	Cxcr2	10090	0.188	0	0	0	0.091	0	0	0.142
10090.ENSMUSP00000023128	10090.ENSMUSP00000034230	Itga5	Cx3cl1	10090	0.214	0	0	0	0.091	0.077	0	0.139
10090.ENSMUSP00000023128	10090.ENSMUSP00000025393	Itga5	Smad4	10090	0.258	0	0	0	0.081	0	0	0.226
10090.ENSMUSP00000023128	10090.ENSMUSP00000143424	Itga5	Hgf	10090	0.271	0	0	0	0.044	0	0	0.269
10090.ENSMUSP00000023128	10090.ENSMUSP00000062333	Itga5	Tgfbr2	10090	0.404	0	0	0	0.149	0.046	0	0.325
10090.ENSMUSP00000023128	10090.ENSMUSP00000026845	Itga5	Il6	10090	0.421	0	0	0	0.128	0	0	0.364
10090.ENSMUSP00000025393	10090.ENSMUSP00000107787	Smad4	Tlr7	10090	0.154	0	0	0	0	0.059	0	0.137
10090.ENSMUSP00000025393	10090.ENSMUSP00000103034	Smad4	Krt15	10090	0.163	0	0	0	0	0	0	0.163
10090.ENSMUSP00000025393	10090.ENSMUSP00000158422	Smad4	Pdcd1lg2	10090	0.182	0	0	0	0	0	0	0.182
10090.ENSMUSP00000025393	10090.ENSMUSP00000122863	Smad4	Mfap5	10090	0.19	0	0	0	0	0	0	0.19
10090.ENSMUSP00000025393	10090.ENSMUSP00000076880	Smad4	Calml3	10090	0.224	0	0	0	0	0	0	0.224
10090.ENSMUSP00000025393	10090.ENSMUSP00000108350	Smad4	Serpinb5	10090	0.244	0	0	0	0	0	0	0.245
10090.ENSMUSP00000025393	10090.ENSMUSP00000075269	Smad4	Mysm1	10090	0.257	0	0	0	0.053	0.219	0	0.075
10090.ENSMUSP00000025393	10090.ENSMUSP00000155574	Smad4	Sox10	10090	0.294	0	0	0	0	0.052	0	0.286
10090.ENSMUSP00000025393	10090.ENSMUSP00000102512	Smad4	Cxcr2	10090	0.294	0	0	0	0	0	0	0.294
10090.ENSMUSP00000025393	10090.ENSMUSP00000094986	Smad4	Tsc2	10090	0.324	0	0	0	0.058	0.064	0	0.295
10090.ENSMUSP00000025393	10090.ENSMUSP00000066679	Smad4	Chek2	10090	0.35	0	0	0	0.087	0	0	0.318
10090.ENSMUSP00000025393	10090.ENSMUSP00000143424	Smad4	Hgf	10090	0.46	0	0	0	0	0	0	0.46
10090.ENSMUSP00000025393	10090.ENSMUSP00000038576	Smad4	Brca2	10090	0.651	0	0	0	0	0.064	0	0.642
10090.ENSMUSP00000025393	10090.ENSMUSP00000026845	Smad4	Il6	10090	0.724	0	0	0	0.05	0	0	0.722
10090.ENSMUSP00000025393	10090.ENSMUSP00000078337	Smad4	Apc	10090	0.779	0	0	0	0.067	0.665	0	0.351
10090.ENSMUSP00000025393	10090.ENSMUSP00000062333	Smad4	Tgfbr2	10090	0.993	0	0	0	0.089	0.117	0.9	0.923
10090.ENSMUSP00000026845	10090.ENSMUSP00000122863	Il6	Mfap5	10090	0.161	0	0	0	0.041	0	0	0.161
10090.ENSMUSP00000026845	10090.ENSMUSP00000108144	Il6	Pla2r1	10090	0.171	0	0	0	0	0	0	0.172
10090.ENSMUSP00000026845	10090.ENSMUSP00000103034	Il6	Krt15	10090	0.173	0	0	0	0	0	0	0.174
10090.ENSMUSP00000026845	10090.ENSMUSP00000075269	Il6	Mysm1	10090	0.198	0	0	0	0.069	0	0	0.174
10090.ENSMUSP00000026845	10090.ENSMUSP00000155574	Il6	Sox10	10090	0.23	0	0	0	0	0	0	0.23
10090.ENSMUSP00000026845	10090.ENSMUSP00000147104	Il6	Muc16	10090	0.284	0	0	0	0	0	0	0.284
10090.ENSMUSP00000026845	10090.ENSMUSP00000038576	Il6	Brca2	10090	0.3	0	0	0	0	0	0	0.3
10090.ENSMUSP00000026845	10090.ENSMUSP00000066679	Il6	Chek2	10090	0.375	0	0	0	0	0	0	0.375
10090.ENSMUSP00000026845	10090.ENSMUSP00000094986	Il6	Tsc2	10090	0.375	0	0	0	0	0	0	0.375
10090.ENSMUSP00000026845	10090.ENSMUSP00000078337	Il6	Apc	10090	0.414	0	0	0	0	0.225	0	0.275
10090.ENSMUSP00000026845	10090.ENSMUSP00000067877	Il6	Btla	10090	0.425	0	0	0	0.086	0	0	0.397
10090.ENSMUSP00000026845	10090.ENSMUSP00000123979	Il6	Chit1	10090	0.467	0	0	0	0.057	0	0	0.458
10090.ENSMUSP00000026845	10090.ENSMUSP00000062333	Il6	Tgfbr2	10090	0.478	0	0	0	0	0	0	0.478
10090.ENSMUSP00000026845	10090.ENSMUSP00000076880	Il6	Calml3	10090	0.512	0	0	0	0	0	0	0.512
10090.ENSMUSP00000026845	10090.ENSMUSP00000050144	Il6	Tnfsf15	10090	0.64	0	0	0	0.186	0	0	0.576
10090.ENSMUSP00000026845	10090.ENSMUSP00000158422	Il6	Pdcd1lg2	10090	0.67	0	0	0	0.119	0	0	0.641
10090.ENSMUSP00000026845	10090.ENSMUSP00000149508	Il6	Cxcr5	10090	0.721	0	0	0	0	0	0	0.721
10090.ENSMUSP00000026845	10090.ENSMUSP00000034230	Il6	Cx3cl1	10090	0.745	0	0	0	0.047	0	0	0.744
10090.ENSMUSP00000026845	10090.ENSMUSP00000108350	Il6	Serpinb5	10090	0.747	0	0	0	0.064	0	0	0.741
10090.ENSMUSP00000026845	10090.ENSMUSP00000143424	Il6	Hgf	10090	0.757	0	0	0	0	0	0	0.757
10090.ENSMUSP00000026845	10090.ENSMUSP00000102512	Il6	Cxcr2	10090	0.822	0	0	0	0.091	0	0	0.812
10090.ENSMUSP00000026845	10090.ENSMUSP00000107787	Il6	Tlr7	10090	0.835	0	0	0	0.113	0	0	0.822
10090.ENSMUSP00000034230	10090.ENSMUSP00000067877	Cx3cl1	Btla	10090	0.154	0	0	0	0	0	0	0.155
10090.ENSMUSP00000034230	10090.ENSMUSP00000076880	Cx3cl1	Calml3	10090	0.168	0	0	0	0	0.083	0	0.13
10090.ENSMUSP00000034230	10090.ENSMUSP00000050144	Cx3cl1	Tnfsf15	10090	0.19	0	0	0	0	0	0	0.19
10090.ENSMUSP00000034230	10090.ENSMUSP00000062333	Cx3cl1	Tgfbr2	10090	0.206	0	0	0	0.051	0.074	0	0.17
10090.ENSMUSP00000034230	10090.ENSMUSP00000123979	Cx3cl1	Chit1	10090	0.236	0	0	0	0.081	0	0	0.203
10090.ENSMUSP00000034230	10090.ENSMUSP00000158422	Cx3cl1	Pdcd1lg2	10090	0.244	0	0	0	0	0	0	0.245
10090.ENSMUSP00000034230	10090.ENSMUSP00000108350	Cx3cl1	Serpinb5	10090	0.251	0	0	0	0	0	0	0.251
10090.ENSMUSP00000034230	10090.ENSMUSP00000075269	Cx3cl1	Mysm1	10090	0.26	0	0	0	0	0.162	0	0.154
10090.ENSMUSP00000034230	10090.ENSMUSP00000143424	Cx3cl1	Hgf	10090	0.349	0	0	0	0	0	0	0.35
10090.ENSMUSP00000034230	10090.ENSMUSP00000107787	Cx3cl1	Tlr7	10090	0.39	0	0	0	0.052	0.08	0	0.357
10090.ENSMUSP00000034230	10090.ENSMUSP00000149508	Cx3cl1	Cxcr5	10090	0.85	0	0	0	0	0.041	0.65	0.59
10090.ENSMUSP00000034230	10090.ENSMUSP00000102512	Cx3cl1	Cxcr2	10090	0.92	0	0	0	0	0.041	0.65	0.782
10090.ENSMUSP00000036029	10090.ENSMUSP00000076880	Clca2	Calml3	10090	0.16	0	0	0	0.065	0.111	0	0.069
10090.ENSMUSP00000036029	10090.ENSMUSP00000075269	Clca2	Mysm1	10090	0.201	0	0	0	0	0.177	0	0.07
10090.ENSMUSP00000036029	10090.ENSMUSP00000103034	Clca2	Krt15	10090	0.222	0	0	0	0.105	0.099	0	0.112
10090.ENSMUSP00000036029	10090.ENSMUSP00000108350	Clca2	Serpinb5	10090	0.235	0	0	0	0.111	0	0	0.175
10090.ENSMUSP00000038576	10090.ENSMUSP00000102512	Brca2	Cxcr2	10090	0.159	0	0	0	0.061	0	0	0.142
10090.ENSMUSP00000038576	10090.ENSMUSP00000078337	Brca2	Apc	10090	0.161	0	0	0	0.046	0	0	0.157
10090.ENSMUSP00000038576	10090.ENSMUSP00000108350	Brca2	Serpinb5	10090	0.18	0	0	0	0	0.051	0	0.172
10090.ENSMUSP00000038576	10090.ENSMUSP00000143424	Brca2	Hgf	10090	0.19	0	0	0	0	0	0	0.19
10090.ENSMUSP00000038576	10090.ENSMUSP00000075269	Brca2	Mysm1	10090	0.232	0	0	0	0.08	0.117	0	0.13
10090.ENSMUSP00000038576	10090.ENSMUSP00000158422	Brca2	Pdcd1lg2	10090	0.243	0	0	0	0	0	0	0.243
10090.ENSMUSP00000038576	10090.ENSMUSP00000147104	Brca2	Muc16	10090	0.308	0	0	0	0	0.053	0	0.3
10090.ENSMUSP00000038576	10090.ENSMUSP00000094986	Brca2	Tsc2	10090	0.318	0	0	0	0.042	0	0	0.317
10090.ENSMUSP00000038576	10090.ENSMUSP00000062333	Brca2	Tgfbr2	10090	0.38	0	0	0	0	0	0	0.38
10090.ENSMUSP00000038576	10090.ENSMUSP00000066679	Brca2	Chek2	10090	0.945	0	0	0	0.13	0.252	0	0.923
10090.ENSMUSP00000050144	10090.ENSMUSP00000091861	Tnfsf15	Fcrl6	10090	0.153	0	0	0	0	0	0	0.153
10090.ENSMUSP00000050144	10090.ENSMUSP00000102512	Tnfsf15	Cxcr2	10090	0.162	0	0	0	0	0	0	0.162
10090.ENSMUSP00000050144	10090.ENSMUSP00000149508	Tnfsf15	Cxcr5	10090	0.19	0	0	0	0	0	0	0.19
10090.ENSMUSP00000050144	10090.ENSMUSP00000158422	Tnfsf15	Pdcd1lg2	10090	0.239	0	0	0	0.085	0	0	0.203
10090.ENSMUSP00000050144	10090.ENSMUSP00000107787	Tnfsf15	Tlr7	10090	0.239	0	0	0	0.09	0	0	0.199
10090.ENSMUSP00000050144	10090.ENSMUSP00000108350	Tnfsf15	Serpinb5	10090	0.246	0	0	0	0.067	0	0	0.225
10090.ENSMUSP00000050144	10090.ENSMUSP00000067877	Tnfsf15	Btla	10090	0.286	0	0	0	0.08	0	0	0.255
10090.ENSMUSP00000062333	10090.ENSMUSP00000103034	Tgfbr2	Krt15	10090	0.154	0	0	0	0.048	0.097	0	0.095
10090.ENSMUSP00000062333	10090.ENSMUSP00000108350	Tgfbr2	Serpinb5	10090	0.177	0	0	0	0	0	0	0.177
10090.ENSMUSP00000062333	10090.ENSMUSP00000158422	Tgfbr2	Pdcd1lg2	10090	0.21	0	0	0	0.065	0	0	0.19
10090.ENSMUSP00000062333	10090.ENSMUSP00000066679	Tgfbr2	Chek2	10090	0.22	0	0	0	0	0.084	0	0.183
10090.ENSMUSP00000062333	10090.ENSMUSP00000078337	Tgfbr2	Apc	10090	0.254	0	0	0	0.043	0.102	0	0.202
10090.ENSMUSP00000062333	10090.ENSMUSP00000076880	Tgfbr2	Calml3	10090	0.266	0	0	0	0	0.099	0	0.219
10090.ENSMUSP00000062333	10090.ENSMUSP00000107787	Tgfbr2	Tlr7	10090	0.279	0	0	0	0.15	0.098	0	0.135
10090.ENSMUSP00000062333	10090.ENSMUSP00000102512	Tgfbr2	Cxcr2	10090	0.357	0	0	0	0.095	0	0	0.319
10090.ENSMUSP00000062333	10090.ENSMUSP00000122863	Tgfbr2	Mfap5	10090	0.358	0	0	0	0.046	0	0	0.354
10090.ENSMUSP00000062333	10090.ENSMUSP00000143424	Tgfbr2	Hgf	10090	0.438	0	0	0	0.079	0.097	0	0.379
10090.ENSMUSP00000062333	10090.ENSMUSP00000094986	Tgfbr2	Tsc2	10090	0.51	0	0	0	0	0.076	0	0.491
10090.ENSMUSP00000066679	10090.ENSMUSP00000143424	Chek2	Hgf	10090	0.169	0	0	0	0	0	0	0.17
10090.ENSMUSP00000066679	10090.ENSMUSP00000147104	Chek2	Muc16	10090	0.174	0	0	0	0	0.086	0	0.134
10090.ENSMUSP00000066679	10090.ENSMUSP00000102512	Chek2	Cxcr2	10090	0.183	0	0	0	0.085	0	0	0.144
10090.ENSMUSP00000066679	10090.ENSMUSP00000076880	Chek2	Calml3	10090	0.197	0	0	0	0	0.052	0	0.188
10090.ENSMUSP00000066679	10090.ENSMUSP00000094986	Chek2	Tsc2	10090	0.465	0	0	0	0	0	0	0.465
10090.ENSMUSP00000067877	10090.ENSMUSP00000108350	Btla	Serpinb5	10090	0.19	0	0	0	0	0	0	0.19
10090.ENSMUSP00000067877	10090.ENSMUSP00000102512	Btla	Cxcr2	10090	0.242	0	0	0	0.103	0	0	0.19
10090.ENSMUSP00000067877	10090.ENSMUSP00000107787	Btla	Tlr7	10090	0.319	0	0	0	0.133	0	0	0.247
10090.ENSMUSP00000067877	10090.ENSMUSP00000149508	Btla	Cxcr5	10090	0.804	0	0	0	0.401	0	0	0.686
10090.ENSMUSP00000067877	10090.ENSMUSP00000158422	Btla	Pdcd1lg2	10090	0.809	0	0	0	0.121	0	0	0.791
10090.ENSMUSP00000075269	10090.ENSMUSP00000103034	Mysm1	Krt15	10090	0.16	0	0	0	0	0.124	0	0.08
10090.ENSMUSP00000075269	10090.ENSMUSP00000147104	Mysm1	Muc16	10090	0.201	0	0	0	0	0.177	0	0.07
10090.ENSMUSP00000076880	10090.ENSMUSP00000107787	Calml3	Tlr7	10090	0.175	0	0	0	0	0.101	0	0.121
10090.ENSMUSP00000076880	10090.ENSMUSP00000143424	Calml3	Hgf	10090	0.275	0	0	0	0	0.102	0	0.226
10090.ENSMUSP00000076880	10090.ENSMUSP00000103034	Calml3	Krt15	10090	0.345	0	0	0	0.288	0.116	0	0.044
10090.ENSMUSP00000076880	10090.ENSMUSP00000108350	Calml3	Serpinb5	10090	0.355	0	0	0	0.142	0.075	0	0.253
10090.ENSMUSP00000076880	10090.ENSMUSP00000094986	Calml3	Tsc2	10090	0.439	0	0	0	0	0.115	0	0.392
10090.ENSMUSP00000078337	10090.ENSMUSP00000094986	Apc	Tsc2	10090	0.183	0	0	0	0.073	0	0	0.154
10090.ENSMUSP00000078337	10090.ENSMUSP00000143424	Apc	Hgf	10090	0.199	0	0	0	0	0	0	0.199
10090.ENSMUSP00000094986	10090.ENSMUSP00000143424	Tsc2	Hgf	10090	0.244	0	0	0	0	0	0	0.245
10090.ENSMUSP00000102512	10090.ENSMUSP00000123979	Cxcr2	Chit1	10090	0.19	0	0	0	0.064	0	0	0.171
10090.ENSMUSP00000102512	10090.ENSMUSP00000108350	Cxcr2	Serpinb5	10090	0.305	0	0	0	0.047	0.042	0	0.3
10090.ENSMUSP00000102512	10090.ENSMUSP00000158422	Cxcr2	Pdcd1lg2	10090	0.388	0	0	0	0.092	0	0	0.353
10090.ENSMUSP00000102512	10090.ENSMUSP00000107787	Cxcr2	Tlr7	10090	0.414	0	0	0	0.079	0	0	0.39
10090.ENSMUSP00000102512	10090.ENSMUSP00000143424	Cxcr2	Hgf	10090	0.424	0	0	0	0.086	0.051	0	0.39
10090.ENSMUSP00000102512	10090.ENSMUSP00000149508	Cxcr2	Cxcr5	10090	0.816	0	0	0	0.083	0	0.5	0.63
10090.ENSMUSP00000103034	10090.ENSMUSP00000143424	Krt15	Hgf	10090	0.159	0	0	0	0	0.102	0	0.102
10090.ENSMUSP00000103034	10090.ENSMUSP00000147104	Krt15	Muc16	10090	0.161	0	0	0	0.058	0.099	0	0.09
10090.ENSMUSP00000103034	10090.ENSMUSP00000155574	Krt15	Sox10	10090	0.275	0	0	0	0.046	0.058	0	0.258
10090.ENSMUSP00000103034	10090.ENSMUSP00000108350	Krt15	Serpinb5	10090	0.328	0	0	0	0.328	0	0	0
10090.ENSMUSP00000107787	10090.ENSMUSP00000143424	Tlr7	Hgf	10090	0.237	0	0	0	0.095	0.042	0	0.191
10090.ENSMUSP00000107787	10090.ENSMUSP00000108573	Tlr7	Mpeg1	10090	0.346	0	0	0	0.333	0	0	0.059
10090.ENSMUSP00000107787	10090.ENSMUSP00000149508	Tlr7	Cxcr5	10090	0.539	0	0	0	0.114	0	0	0.501
10090.ENSMUSP00000107787	10090.ENSMUSP00000108350	Tlr7	Serpinb5	10090	0.611	0	0	0	0.055	0	0	0.605
10090.ENSMUSP00000107787	10090.ENSMUSP00000158422	Tlr7	Pdcd1lg2	10090	0.629	0	0	0	0.098	0	0	0.606
10090.ENSMUSP00000108144	10090.ENSMUSP00000108350	Pla2r1	Serpinb5	10090	0.151	0	0	0	0	0	0	0.152
10090.ENSMUSP00000108350	10090.ENSMUSP00000147104	Serpinb5	Muc16	10090	0.171	0	0	0	0	0	0	0.171
10090.ENSMUSP00000108350	10090.ENSMUSP00000143424	Serpinb5	Hgf	10090	0.257	0	0	0	0.053	0.064	0	0.23
10090.ENSMUSP00000108350	10090.ENSMUSP00000123979	Serpinb5	Chit1	10090	0.353	0	0	0	0.138	0	0	0.28
10090.ENSMUSP00000108350	10090.ENSMUSP00000158422	Serpinb5	Pdcd1lg2	10090	0.439	0	0	0	0.054	0	0	0.432
10090.ENSMUSP00000108350	10090.ENSMUSP00000149508	Serpinb5	Cxcr5	10090	0.49	0	0	0	0	0.042	0	0.49
10090.ENSMUSP00000108573	10090.ENSMUSP00000158422	Mpeg1	Pdcd1lg2	10090	0.175	0	0	0	0.175	0	0	0
10090.ENSMUSP00000123979	10090.ENSMUSP00000158422	Chit1	Pdcd1lg2	10090	0.23	0	0	0	0.081	0	0	0.196
10090.ENSMUSP00000143424	10090.ENSMUSP00000149508	Hgf	Cxcr5	10090	0.18	0	0	0	0	0.051	0	0.172
10090.ENSMUSP00000143424	10090.ENSMUSP00000155574	Hgf	Sox10	10090	0.19	0	0	0	0	0	0	0.19
10090.ENSMUSP00000143424	10090.ENSMUSP00000147104	Hgf	Muc16	10090	0.213	0	0	0	0	0.093	0	0.168
10090.ENSMUSP00000143424	10090.ENSMUSP00000158422	Hgf	Pdcd1lg2	10090	0.299	0	0	0	0	0	0	0.299
10090.ENSMUSP00000149508	10090.ENSMUSP00000158422	Cxcr5	Pdcd1lg2	10090	0.507	0	0	0	0.085	0	0	0.483
