gene,type,n_guides,n_top_used,mean_top_LFC_WT_vs_Cell,mean_top_LFC_WT_vs_Cell_corrected,mean_top_LFC_Depleted_vs_Cell,mean_top_LFC_Depleted_vs_Cell_corrected
Apc*Btla,dual,9,5,-2.4807,2.1019,-2.5896,3.4523
Apc*Cdh1,dual,12,5,-0.729,3.8535,-0.0067,6.0352
Apc*Cx3cl1,dual,9,5,-2.4916,2.0909,-5.1516,0.8904
Apc*Cxcr2,dual,9,5,-3.9084,0.6741,-3.3782,2.6637
Apc*Cxcr5,dual,9,5,-2.3464,2.2361,-5.3207,0.7212
Apc*Fcrl6,dual,9,5,-4.3467,0.2358,-5.489,0.5529
Apc*Hgf,dual,9,5,-3.6391,0.9435,-3.2027,2.8392
Apc*Il6,dual,9,5,-3.1904,1.3921,-2.6456,3.3964
Apc*Mfap5,dual,9,5,-2.7484,1.8341,-3.2986,2.7433
Apc*Mpeg1,dual,9,5,-3.6875,0.895,-3.1874,2.8545
Apc*Muc16,dual,9,5,-3.2461,1.3364,-4.3914,1.6505
Apc*Mysm1,dual,9,5,-3.1236,1.4589,-3.7259,2.316
Apc*Pdcd1lg2,dual,9,5,-3.5015,1.081,-4.4865,1.5554
Apc*Pla2g2a,dual,9,5,-2.7667,1.8158,-3.9311,2.1108
Apc*Pla2r1,dual,9,5,-2.2751,2.3074,-2.876,3.166
Apc*Tlr7,dual,9,5,-3.0474,1.5351,-4.7011,1.3408
Apc*Tnfsf15,dual,9,5,-3.676,0.9065,-3.9751,2.0668
Brca1*Btla,dual,9,5,-2.8604,1.7222,-4.9094,1.1326
Brca1*Cdh1,dual,12,5,-0.4633,4.1192,0.6889,6.7308
Brca1*Cx3cl1,dual,9,5,-3.8575,0.7251,-4.647,1.3949
Brca1*Cxcr2,dual,9,5,-3.1475,1.435,-3.2572,2.7848
Brca1*Cxcr5,dual,9,5,-3.6891,0.8934,-5.6155,0.4265
Brca1*Fcrl6,dual,9,5,-3.7072,0.8753,-4.3789,1.6631
Brca1*Hgf,dual,9,5,-2.6161,1.9664,-4.0321,2.0098
Brca1*Il6,dual,9,5,-4.1272,0.4553,-3.5163,2.5256
Brca1*Mfap5,dual,9,5,-3.3297,1.2528,-3.3284,2.7136
Brca1*Mpeg1,dual,9,5,-2.9892,1.5933,-4.8108,1.2311
Brca1*Muc16,dual,9,5,-4.2611,0.3214,-3.8126,2.2294
Brca1*Mysm1,dual,9,5,-3.8344,0.7481,-3.3244,2.7175
Brca1*Pdcd1lg2,dual,9,5,-2.2997,2.2828,-5.5429,0.499
Brca1*Pla2g2a,dual,9,5,-1.6932,2.8893,-2.1827,3.8592
Brca1*Pla2r1,dual,9,5,-1.7538,2.8287,-5.4344,0.6075
Brca1*Tlr7,dual,9,5,-3.9954,0.5871,-5.3617,0.6802
Brca1*Tnfsf15,dual,9,5,-3.2976,1.285,-6.4133,-0.3714
Brca2*Btla,dual,9,5,-3.289,1.2935,-1.7454,4.2966
Brca2*Cdh1,dual,12,5,-0.3703,4.2123,0.0014,6.0433
Brca2*Cx3cl1,dual,9,5,-3.8629,0.7196,-2.503,3.539
Brca2*Cxcr2,dual,9,5,-4.3986,0.1839,-5.7609,0.281
Brca2*Cxcr5,dual,9,5,-3.5419,1.0406,-1.3037,4.7382
Brca2*Fcrl6,dual,9,5,-2.5871,1.9955,-4.3347,1.7072
Brca2*Hgf,dual,9,5,-2.4929,2.0896,-5.95,0.0919
Brca2*Il6,dual,9,5,-3.0556,1.5269,-4.9506,1.0913
Brca2*Mfap5,dual,9,5,-3.4308,1.1517,-2.1192,3.9227
Brca2*Mpeg1,dual,9,5,-3.1686,1.4139,-4.0029,2.039
Brca2*Muc16,dual,9,5,-4.1064,0.4761,-4.5577,1.4842
Brca2*Mysm1,dual,9,5,-4.0316,0.5509,-2.9663,3.0756
Brca2*Pdcd1lg2,dual,9,5,-2.8854,1.6972,-1.1515,4.8904
Brca2*Pla2g2a,dual,9,5,-3.052,1.5305,-2.4304,3.6115
Brca2*Pla2r1,dual,9,5,-1.2481,3.3344,-3.4504,2.5916
Brca2*Tlr7,dual,9,5,-3.835,0.7475,-3.7545,2.2874
Brca2*Tnfsf15,dual,9,5,-4.1191,0.4634,-4.6507,1.3912
Calml3*Btla,dual,9,5,-3.5211,1.0615,-2.2446,3.7973
Calml3*Cdh1,dual,12,5,-0.7023,3.8802,-1.7583,4.2836
Calml3*Cx3cl1,dual,9,5,-3.8302,0.7524,-5.2213,0.8207
Calml3*Cxcr2,dual,9,5,-2.3518,2.2307,-2.8859,3.156
Calml3*Cxcr5,dual,9,5,-3.872,0.7106,-4.2071,1.8349
Calml3*Fcrl6,dual,9,5,-3.1557,1.4268,-4.7438,1.2982
Calml3*Hgf,dual,9,5,-3.3983,1.1842,-4.4754,1.5665
Calml3*Il6,dual,9,5,-3.421,1.1615,-4.7909,1.251
Calml3*Mfap5,dual,9,5,-2.6582,1.9243,-1.4779,4.5641
Calml3*Mpeg1,dual,9,5,-4.1241,0.4584,-3.951,2.0909
Calml3*Muc16,dual,9,5,-2.748,1.8345,-2.9936,3.0483
Calml3*Mysm1,dual,9,5,-1.7965,2.786,-2.3801,3.6618
Calml3*Pdcd1lg2,dual,9,5,-4.0076,0.5749,-4.7622,1.2797
Calml3*Pla2g2a,dual,9,5,-2.6711,1.9114,-5.0043,1.0376
Calml3*Pla2r1,dual,9,5,-4.2925,0.29,-5.9038,0.1381
Calml3*Tlr7,dual,9,5,-3.532,1.0505,-4.9835,1.0585
Calml3*Tnfsf15,dual,9,5,-2.8362,1.7463,-4.7264,1.3155
Chek2*Btla,dual,9,5,-3.2381,1.3444,-3.3925,2.6494
Chek2*Cdh1,dual,12,5,-0.568,4.0145,-1.3836,4.6583
Chek2*Cx3cl1,dual,9,5,-3.0753,1.5073,-2.76,3.2819
Chek2*Cxcr2,dual,9,5,-3.593,0.9895,-4.9343,1.1077
Chek2*Cxcr5,dual,9,5,-2.7183,1.8642,-4.5809,1.461
Chek2*Fcrl6,dual,9,5,-2.8615,1.721,-5.9238,0.1182
Chek2*Hgf,dual,9,5,-2.4128,2.1698,-2.9038,3.1382
Chek2*Il6,dual,9,5,-2.6776,1.9049,-5.5527,0.4892
Chek2*Mfap5,dual,9,5,-4.1675,0.415,-5.7213,0.3206
Chek2*Mpeg1,dual,9,5,-2.0051,2.5774,-4.1774,1.8645
Chek2*Muc16,dual,9,5,-3.2231,1.3594,-5.3237,0.7182
Chek2*Mysm1,dual,9,5,-4.7157,-0.1331,-5.5182,0.5237
Chek2*Pdcd1lg2,dual,9,5,-2.8897,1.6929,-5.6131,0.4288
Chek2*Pla2g2a,dual,9,5,-2.3266,2.2559,-3.9622,2.0798
Chek2*Pla2r1,dual,9,5,-4.4559,0.1266,-4.5774,1.4645
Chek2*Tlr7,dual,9,5,-3.4001,1.1824,-5.4407,0.6012
Chek2*Tnfsf15,dual,9,5,-3.9514,0.6311,-3.8092,2.2328
Chit1*Btla,dual,9,5,-4.5159,0.0666,-6.799,-0.7571
Chit1*Cdh1,dual,12,5,0.0223,4.6048,0.2877,6.3296
Chit1*Cx3cl1,dual,9,5,-3.9987,0.5838,-3.3559,2.686
Chit1*Cxcr2,dual,9,5,-1.7274,2.8551,-4.9115,1.1304
Chit1*Cxcr5,dual,9,5,-4.3847,0.1978,-4.4279,1.614
Chit1*Fcrl6,dual,9,5,-4.261,0.3216,-5.6728,0.3691
Chit1*Hgf,dual,9,5,-0.8046,3.7779,-3.5694,2.4726
Chit1*Il6,dual,9,5,-2.5043,2.0782,-2.8197,3.2222
Chit1*Mfap5,dual,9,5,-3.1963,1.3862,-5.0678,0.9741
Chit1*Mpeg1,dual,9,5,-2.2829,2.2996,-1.5071,4.5348
Chit1*Muc16,dual,9,5,-4.1076,0.4749,-4.3767,1.6652
Chit1*Mysm1,dual,9,5,-3.3238,1.2587,-1.649,4.393
Chit1*Pdcd1lg2,dual,9,5,-4.831,-0.2485,-6.0614,-0.0195
Chit1*Pla2g2a,dual,9,5,-2.5556,2.0269,-5.0186,1.0233
Chit1*Pla2r1,dual,9,5,-2.5063,2.0763,-3.8643,2.1776
Chit1*Tlr7,dual,9,5,-2.9811,1.6014,-3.0497,2.9922
Chit1*Tnfsf15,dual,9,5,-4.3124,0.2701,-6.2772,-0.2353
Clca2*Btla,dual,9,5,-4.0735,0.509,-3.744,2.2979
Clca2*Cdh1,dual,12,5,-0.2952,4.2873,-0.4585,5.5834
Clca2*Cx3cl1,dual,9,5,-3.1187,1.4638,-3.6709,2.371
Clca2*Cxcr2,dual,9,5,-3.3171,1.2654,-4.4469,1.595
Clca2*Cxcr5,dual,9,5,-2.4457,2.1368,-3.049,2.9929
Clca2*Fcrl6,dual,9,5,-2.9926,1.5899,-4.1844,1.8575
Clca2*Hgf,dual,9,5,-2.9649,1.6176,-5.7865,0.2554
Clca2*Il6,dual,9,5,-3.1032,1.4793,-4.4788,1.5631
Clca2*Mfap5,dual,9,5,-3.2581,1.3244,-3.5801,2.4619
Clca2*Mpeg1,dual,9,5,-2.6719,1.9106,-1.939,4.1029
Clca2*Muc16,dual,9,5,-3.8073,0.7752,-3.1977,2.8442
Clca2*Mysm1,dual,9,5,-2.8402,1.7423,-5.5754,0.4665
Clca2*Pdcd1lg2,dual,9,5,-2.7066,1.8759,-5.3508,0.6911
Clca2*Pla2g2a,dual,9,5,-3.1043,1.4782,-3.2991,2.7428
Clca2*Pla2r1,dual,9,5,-2.7059,1.8766,-4.6479,1.3941
Clca2*Tlr7,dual,9,5,-3.0935,1.4891,-3.4391,2.6028
Clca2*Tnfsf15,dual,9,5,-4.2031,0.3794,-4.2631,1.7788
Kit*Btla,dual,9,5,-3.4435,1.139,-3.2007,2.8413
Kit*Cdh1,dual,12,5,-0.8303,3.7522,-0.5642,5.4777
Kit*Cx3cl1,dual,9,5,-4.3184,0.2641,-3.7857,2.2562
Kit*Cxcr2,dual,9,5,-3.2505,1.332,-3.9758,2.0662
Kit*Cxcr5,dual,9,5,-3.1573,1.4252,-4.8249,1.2171
Kit*Fcrl6,dual,9,5,-3.8865,0.6961,-6.1385,-0.0966
Kit*Hgf,dual,9,5,-3.7326,0.8499,-4.7399,1.302
Kit*Il6,dual,9,5,-3.5642,1.0183,-3.2952,2.7467
Kit*Mfap5,dual,9,5,-3.3913,1.1913,-4.7427,1.2992
Kit*Mpeg1,dual,9,5,-1.7886,2.7939,-3.6501,2.3918
Kit*Muc16,dual,9,5,-2.0876,2.4949,-2.3588,3.6831
Kit*Mysm1,dual,9,5,-4.388,0.1945,-6.6164,-0.5745
Kit*Pdcd1lg2,dual,9,5,-2.5164,2.0662,-3.0708,2.9712
Kit*Pla2g2a,dual,9,5,-3.3374,1.2452,-5.5278,0.5141
Kit*Pla2r1,dual,9,5,-4.3589,0.2236,-5.0383,1.0036
Kit*Tlr7,dual,9,5,-4.536,0.0465,-4.6534,1.3885
Kit*Tnfsf15,dual,9,5,-3.1942,1.3883,-3.8672,2.1747
Krt15*Btla,dual,9,5,-3.5396,1.0429,-4.9142,1.1277
Krt15*Cdh1,dual,12,5,-0.8063,3.7762,-1.2334,4.8085
Krt15*Cx3cl1,dual,9,5,-4.054,0.5285,-5.9249,0.117
Krt15*Cxcr2,dual,9,5,-2.7787,1.8038,-3.2821,2.7598
Krt15*Cxcr5,dual,9,5,-3.5959,0.9867,-3.491,2.5509
Krt15*Fcrl6,dual,9,5,-4.507,0.0756,-4.5455,1.4964
Krt15*Hgf,dual,9,5,-4.6105,-0.028,-5.1247,0.9172
Krt15*Il6,dual,9,5,-2.67,1.9125,-4.7342,1.3077
Krt15*Mfap5,dual,9,5,-4.1617,0.4208,-5.1633,0.8786
Krt15*Mpeg1,dual,9,5,-3.1157,1.4668,-3.9526,2.0893
Krt15*Muc16,dual,9,5,-3.6877,0.8949,-4.7688,1.2731
Krt15*Mysm1,dual,9,5,-3.7587,0.8238,-5.8609,0.181
Krt15*Pdcd1lg2,dual,9,5,-2.9232,1.6593,-4.0241,2.0178
Krt15*Pla2g2a,dual,9,5,-4.012,0.5706,-5.8247,0.2172
Krt15*Pla2r1,dual,9,5,-3.7717,0.8108,-4.7508,1.2911
Krt15*Tlr7,dual,9,5,-4.0995,0.4831,-4.4533,1.5887
Krt15*Tnfsf15,dual,9,5,-3.9834,0.5991,-4.8429,1.199
Pten*Btla,dual,9,5,-0.7648,3.8177,-2.2022,3.8397
Pten*Cdh1,dual,12,5,7.7434,12.3259,8.0379,14.0798
Pten*Cx3cl1,dual,9,5,0.4707,5.0533,-4.1558,1.8862
Pten*Cxcr2,dual,9,5,-1.0107,3.5718,-2.3436,3.6983
Pten*Cxcr5,dual,9,5,-1.4323,3.1502,-3.7212,2.3208
Pten*Fcrl6,dual,9,5,-3.3774,1.2051,-4.9179,1.124
Pten*Hgf,dual,9,5,-3.6264,0.9561,-5.6288,0.4131
Pten*Il6,dual,9,5,-2.9752,1.6074,-5.352,0.6899
Pten*Mfap5,dual,9,5,-1.1616,3.4209,-2.806,3.236
Pten*Mpeg1,dual,9,5,-2.082,2.5005,-3.0489,2.993
Pten*Muc16,dual,9,5,0.7663,5.3488,-3.0899,2.952
Pten*Mysm1,dual,9,5,-2.0366,2.546,-3.601,2.4409
Pten*Pdcd1lg2,dual,9,5,-4.1242,0.4584,-5.0972,0.9447
Pten*Pla2g2a,dual,9,5,-2.6544,1.9281,-3.9845,2.0574
Pten*Pla2r1,dual,9,5,-0.399,4.1835,-2.2035,3.8384
Pten*Tlr7,dual,9,5,-2.3532,2.2293,-3.0853,2.9567
Pten*Tnfsf15,dual,9,5,-4.5956,-0.0131,-5.7826,0.2593
Rb1*Btla,dual,9,5,-3.8585,0.724,-5.1402,0.9017
Rb1*Cdh1,dual,12,5,-1.224,3.3585,-1.8307,4.2112
Rb1*Cx3cl1,dual,9,5,-3.3088,1.2737,-3.8617,2.1803
Rb1*Cxcr2,dual,9,5,-4.4829,0.0996,-5.2557,0.7862
Rb1*Cxcr5,dual,9,5,-3.0181,1.5644,-1.0486,4.9933
Rb1*Fcrl6,dual,9,5,-3.496,1.0866,-5.2491,0.7928
Rb1*Hgf,dual,9,5,-4.147,0.4356,-4.5181,1.5238
Rb1*Il6,dual,9,5,-3.4156,1.1669,-5.2624,0.7796
Rb1*Mfap5,dual,9,5,-4.4807,0.1018,-3.6469,2.395
Rb1*Mpeg1,dual,9,5,-3.5938,0.9888,-5.4148,0.6271
Rb1*Muc16,dual,9,5,-3.4065,1.176,-3.9519,2.09
Rb1*Mysm1,dual,9,5,-3.4856,1.0969,-4.531,1.5109
Rb1*Pdcd1lg2,dual,9,5,-3.1076,1.4749,-2.2814,3.7605
Rb1*Pla2g2a,dual,9,5,-2.5129,2.0696,-4.0145,2.0274
Rb1*Pla2r1,dual,9,5,-3.3267,1.2559,-3.8762,2.1657
Rb1*Tlr7,dual,9,5,-3.6661,0.9164,-5.2729,0.769
Rb1*Tnfsf15,dual,9,5,-3.4855,1.097,-3.9873,2.0546
Serpinb5*Btla,dual,9,5,-4.5505,0.032,-6.6957,-0.6538
Serpinb5*Cdh1,dual,12,5,-1.0809,3.5016,0.058,6.0999
Serpinb5*Cx3cl1,dual,9,5,-3.6281,0.9544,-5.8867,0.1552
Serpinb5*Cxcr2,dual,9,5,-2.3914,2.1911,-1.6875,4.3545
Serpinb5*Cxcr5,dual,9,5,-4.1885,0.394,-4.7895,1.2524
Serpinb5*Fcrl6,dual,9,5,-3.4987,1.0838,-4.4735,1.5684
Serpinb5*Hgf,dual,9,5,-2.7845,1.798,-2.6148,3.4271
Serpinb5*Il6,dual,9,5,-2.9836,1.599,-2.6724,3.3696
Serpinb5*Mfap5,dual,9,5,-3.5882,0.9944,-2.9654,3.0765
Serpinb5*Mpeg1,dual,9,5,-4.1018,0.4807,-5.896,0.1459
Serpinb5*Muc16,dual,9,5,-3.6652,0.9173,-6.0516,-0.0097
Serpinb5*Mysm1,dual,9,5,-4.9573,-0.3748,-6.3298,-0.2879
Serpinb5*Pdcd1lg2,dual,9,5,-2.2271,2.3554,-2.992,3.0499
Serpinb5*Pla2g2a,dual,9,5,-2.071,2.5115,-4.0439,1.998
Serpinb5*Pla2r1,dual,9,5,-3.4933,1.0893,-5.0166,1.0253
Serpinb5*Tlr7,dual,9,5,-2.9623,1.6202,-3.0285,3.0135
Serpinb5*Tnfsf15,dual,9,5,-3.4645,1.118,-4.3598,1.6821
Smad4*Btla,dual,9,5,-3.9928,0.5897,-4.3335,1.7084
Smad4*Cdh1,dual,12,5,-0.3391,4.2434,-1.089,4.953
Smad4*Cx3cl1,dual,9,5,-4.8287,-0.2462,-6.2128,-0.1709
Smad4*Cxcr2,dual,9,5,-4.1468,0.4357,-5.2216,0.8203
Smad4*Cxcr5,dual,9,5,-2.7055,1.877,-2.1404,3.9015
Smad4*Fcrl6,dual,9,5,-3.5109,1.0716,-6.0037,0.0383
Smad4*Hgf,dual,9,5,-3.2072,1.3753,-4.6076,1.4343
Smad4*Il6,dual,9,5,-3.7628,0.8197,-2.425,3.6169
Smad4*Mfap5,dual,9,5,-2.6902,1.8923,-4.4074,1.6345
Smad4*Mpeg1,dual,9,5,-2.9987,1.5838,-3.0759,2.966
Smad4*Muc16,dual,9,5,-3.5688,1.0137,-4.4153,1.6266
Smad4*Mysm1,dual,9,5,-2.7864,1.7962,-6.0375,0.0044
Smad4*Pdcd1lg2,dual,9,5,-3.9156,0.6669,-2.8556,3.1863
Smad4*Pla2g2a,dual,9,5,-2.8382,1.7443,-1.6715,4.3704
Smad4*Pla2r1,dual,9,5,-3.1982,1.3843,-4.6965,1.3454
Smad4*Tlr7,dual,9,5,-3.3476,1.2349,-6.0416,0.0003
Smad4*Tnfsf15,dual,9,5,-3.7523,0.8302,-5.9766,0.0653
Sox10*Btla,dual,9,5,-4.1066,0.4759,-4.4492,1.5927
Sox10*Cdh1,dual,12,5,-0.9731,3.6094,-2.6007,3.4413
Sox10*Cx3cl1,dual,9,5,-4.168,0.4145,-4.7635,1.2784
Sox10*Cxcr2,dual,9,5,-2.8704,1.7121,-5.2347,0.8072
Sox10*Cxcr5,dual,9,5,-3.2127,1.3698,-3.1053,2.9367
Sox10*Fcrl6,dual,9,5,-3.9691,0.6134,-4.4299,1.612
Sox10*Hgf,dual,9,5,-3.2546,1.3279,-2.4892,3.5527
Sox10*Il6,dual,9,5,-4.6162,-0.0337,-4.2214,1.8205
Sox10*Mfap5,dual,9,5,-3.1215,1.461,-5.912,0.1299
Sox10*Mpeg1,dual,9,5,-4.0382,0.5443,-2.0013,4.0406
Sox10*Muc16,dual,9,5,-3.4892,1.0934,-3.2531,2.7888
Sox10*Mysm1,dual,9,5,-3.9932,0.5893,-5.2497,0.7923
Sox10*Pdcd1lg2,dual,9,5,-3.1802,1.4023,-3.7896,2.2523
Sox10*Pla2g2a,dual,9,5,-2.8063,1.7763,-1.6913,4.3506
Sox10*Pla2r1,dual,9,5,-3.7487,0.8338,-3.3103,2.7316
Sox10*Tlr7,dual,9,5,-3.1036,1.4789,-5.5828,0.4591
Sox10*Tnfsf15,dual,9,5,-5.295,-0.7125,-3.896,2.1459
Stk11*Btla,dual,9,5,-3.7912,0.7914,-3.1586,2.8833
Stk11*Cdh1,dual,12,5,-0.4803,4.1022,0.5291,6.571
Stk11*Cx3cl1,dual,9,5,-3.5804,1.0021,-5.5041,0.5378
Stk11*Cxcr2,dual,9,5,-4.3426,0.2399,-3.1949,2.847
Stk11*Cxcr5,dual,9,5,-2.2289,2.3536,-2.1463,3.8956
Stk11*Fcrl6,dual,9,5,-2.1462,2.4363,0.2246,6.2665
Stk11*Hgf,dual,9,5,-3.2704,1.3122,-4.7307,1.3112
Stk11*Il6,dual,9,5,-3.1474,1.4351,-4.7471,1.2948
Stk11*Mfap5,dual,9,5,-0.0178,4.5647,-3.8673,2.1746
Stk11*Mpeg1,dual,9,5,-2.229,2.3535,-4.5161,1.5258
Stk11*Muc16,dual,9,5,-1.6846,2.8979,-1.3756,4.6663
Stk11*Mysm1,dual,9,5,-3.3503,1.2322,-5.9629,0.079
Stk11*Pdcd1lg2,dual,9,5,-2.9655,1.617,-4.0088,2.0331
Stk11*Pla2g2a,dual,9,5,-3.3636,1.219,-3.8547,2.1872
Stk11*Pla2r1,dual,9,5,-2.7022,1.8804,-4.856,1.186
Stk11*Tlr7,dual,9,5,-3.8149,0.7676,-4.8023,1.2396
Stk11*Tnfsf15,dual,9,5,-3.5496,1.0329,-5.2433,0.7986
Tgfbr2*Btla,dual,9,5,-2.8733,1.7092,-5.3278,0.7141
Tgfbr2*Cdh1,dual,12,5,-0.1639,4.4186,-0.0236,6.0184
Tgfbr2*Cx3cl1,dual,9,5,-2.4785,2.104,-3.195,2.8469
Tgfbr2*Cxcr2,dual,9,5,-3.8034,0.7792,-4.0359,2.006
Tgfbr2*Cxcr5,dual,9,5,-3.646,0.9366,-5.8561,0.1858
Tgfbr2*Fcrl6,dual,9,5,-2.0874,2.4951,-5.4868,0.5552
Tgfbr2*Hgf,dual,9,5,-2.4626,2.1199,-6.179,-0.1371
Tgfbr2*Il6,dual,9,5,-4.6067,-0.0242,-5.1815,0.8604
Tgfbr2*Mfap5,dual,9,5,-4.1603,0.4223,-4.1818,1.8601
Tgfbr2*Mpeg1,dual,9,5,-4.0588,0.5238,-6.2904,-0.2485
Tgfbr2*Muc16,dual,9,5,-4.2925,0.29,-5.1056,0.9364
Tgfbr2*Mysm1,dual,9,5,-3.7189,0.8636,-4.72,1.3219
Tgfbr2*Pdcd1lg2,dual,9,5,-1.7932,2.7893,-5.4459,0.5961
Tgfbr2*Pla2g2a,dual,9,5,-5.0569,-0.4744,-6.0948,-0.0529
Tgfbr2*Pla2r1,dual,9,5,-4.1384,0.4441,-5.7078,0.3341
Tgfbr2*Tlr7,dual,9,5,-4.4843,0.0982,-5.0076,1.0343
Tgfbr2*Tnfsf15,dual,9,5,-2.5828,1.9997,-5.0135,1.0284
Tsc2*Btla,dual,9,5,-4.9279,-0.3454,-5.173,0.869
Tsc2*Cdh1,dual,12,5,-0.7671,3.8155,-0.5673,5.4747
Tsc2*Cx3cl1,dual,9,5,-3.0111,1.5714,-4.6706,1.3713
Tsc2*Cxcr2,dual,9,5,-4.1442,0.4384,-5.528,0.5139
Tsc2*Cxcr5,dual,9,5,-3.8731,0.7094,-1.9808,4.0611
Tsc2*Fcrl6,dual,9,5,-4.9482,-0.3657,-5.2154,0.8265
Tsc2*Hgf,dual,9,5,-2.7698,1.8127,-5.9498,0.0921
Tsc2*Il6,dual,9,5,-3.3809,1.2017,-4.2689,1.773
Tsc2*Mfap5,dual,9,5,-3.113,1.4696,-3.8794,2.1625
Tsc2*Mpeg1,dual,9,5,-4.3153,0.2672,-3.9296,2.1123
Tsc2*Muc16,dual,9,5,-3.4693,1.1132,-6.1748,-0.1329
Tsc2*Mysm1,dual,9,5,-3.3797,1.2028,-4.7281,1.3139
Tsc2*Pdcd1lg2,dual,9,5,-2.9048,1.6777,-3.0544,2.9875
Tsc2*Pla2g2a,dual,9,5,-3.9651,0.6174,-3.445,2.5969
Tsc2*Pla2r1,dual,9,5,-2.5059,2.0766,-4.1903,1.8516
Tsc2*Tlr7,dual,9,5,-4.0549,0.5276,-4.4375,1.6044
Tsc2*Tnfsf15,dual,9,5,-3.321,1.2615,-3.7639,2.2781
Apc*NT,single_NT,27,18,-2.9867,1.5959,-4.787,1.2549
Brca1*NT,single_NT,27,18,-3.8549,0.7276,-4.736,1.3059
Brca2*NT,single_NT,27,18,-4.0211,0.5614,-5.2654,0.7766
Calml3*NT,single_NT,27,18,-3.2887,1.2938,-3.4576,2.5844
Chek2*NT,single_NT,27,18,-3.5136,1.0689,-4.3042,1.7377
Chit1*NT,single_NT,27,18,-4.0907,0.4918,-4.5741,1.4678
Clca2*NT,single_NT,27,18,-3.6102,0.9723,-4.0757,1.9662
Kit*NT,single_NT,27,18,-4.0983,0.4843,-5.6191,0.4228
Krt15*NT,single_NT,27,18,-4.1274,0.4551,-4.8462,1.1957
NT*Btla,single_NT,27,18,-3.6667,0.9159,-5.2527,0.7892
NT*Cdh1,single_NT,36,18,-0.8585,3.724,-1.401,4.641
NT*Cx3cl1,single_NT,27,18,-2.9388,1.6437,-3.3551,2.6868
NT*Cxcr2,single_NT,27,18,-3.3892,1.1933,-4.0809,1.961
NT*Cxcr5,single_NT,27,18,-3.2493,1.3332,-3.841,2.2009
NT*Fcrl6,single_NT,27,18,-3.7816,0.8009,-5.7912,0.2507
NT*Hgf,single_NT,27,18,-3.8346,0.7479,-5.4935,0.5484
NT*Il6,single_NT,27,18,-3.8663,0.7163,-4.7994,1.2425
NT*Mfap5,single_NT,27,18,-4.3042,0.2783,-5.3309,0.711
NT*Mpeg1,single_NT,27,18,-3.3596,1.2229,-3.9972,2.0447
NT*Muc16,single_NT,27,18,-3.246,1.3365,-4.4501,1.5919
NT*Mysm1,single_NT,27,18,-4.6184,-0.0359,-4.9693,1.0726
NT*Pdcd1lg2,single_NT,27,18,-3.3284,1.2542,-3.9028,2.1391
NT*Pla2g2a,single_NT,27,18,-3.956,0.6265,-4.1333,1.9086
NT*Pla2r1,single_NT,27,18,-3.436,1.1466,-5.0511,0.9908
NT*Tlr7,single_NT,27,18,-3.654,0.9285,-3.9734,2.0685
NT*Tnfsf15,single_NT,27,18,-3.4085,1.174,-4.1426,1.8993
Pten*NT,single_NT,27,18,-1.7243,2.8583,-3.8919,2.15
Rb1*NT,single_NT,27,18,-4.1528,0.4297,-4.9032,1.1387
Serpinb5*NT,single_NT,27,18,-3.4529,1.1297,-5.0476,0.9943
Smad4*NT,single_NT,27,18,-3.7992,0.7833,-2.9422,3.0997
Sox10*NT,single_NT,27,18,-3.2832,1.2993,-4.4596,1.5823
Stk11*NT,single_NT,27,18,-3.3515,1.231,-3.7244,2.3175
Tgfbr2*NT,single_NT,27,18,-3.8376,0.7449,-4.1455,1.8964
Tsc2*NT,single_NT,27,18,-3.7453,0.8372,-4.721,1.321
