gene_pair,crRNA_pair,guide_id,target_gene,pct_indel,method
Pten*NT,Pten_1*NT,Pten_1,Pten,98.09,amplicon-NGS/CRISPResso2
Pten*NT,Pten_4*NT,Pten_4,Pten,99.9,amplicon-NGS/CRISPResso2
Pten*Cdh1,Pten_1*Cdh1_1,Pten_1,Pten,99.1,amplicon-NGS/CRISPResso2
Pten*Cdh1,Pten_1*Cdh1_1,Cdh1_1,Cdh1,70.0,amplicon-NGS/CRISPResso2
Pten*Cdh1,Pten_4*Cdh1_3,Pten_4,Pten,92.75,amplicon-NGS/CRISPResso2
Pten*Cdh1,Pten_4*Cdh1_3,Cdh1_3,Cdh1,93.97,amplicon-NGS/CRISPResso2
NT*Cdh1,NT*Cdh1_1,Cdh1_1,Cdh1,29.63,amplicon-NGS/CRISPResso2
NT*Cdh1,NT*Cdh1_3,Cdh1_3,Cdh1,39.24,amplicon-NGS/CRISPResso2
Pten*Cx3cl1,Pten_1*Cx3cl1_5,Pten_1,Pten,99.45,amplicon-NGS/CRISPResso2
Pten*Cx3cl1,Pten_1*Cx3cl1_5,Cx3cl1_5,Cx3cl1,98.19,amplicon-NGS/CRISPResso2
Pten*Cx3cl1,Pten_4*Cx3cl1_3,Pten_4,Pten,87.74,amplicon-NGS/CRISPResso2
Pten*Cx3cl1,Pten_4*Cx3cl1_3,Cx3cl1_3,Cx3cl1,97.95,amplicon-NGS/CRISPResso2
NT*Cx3cl1,NT*Cx3cl1_3,Cx3cl1_3,Cx3cl1,97.28,amplicon-NGS/CRISPResso2
NT*Cx3cl1,NT*Cx3cl1_5,Cx3cl1_5,Cx3cl1,95.21,amplicon-NGS/CRISPResso2
Pten*Cxcr5,Pten_1*Cxcr5_2,Pten_1,Pten,40.73,amplicon-NGS/CRISPResso2
Pten*Cxcr5,Pten_1*Cxcr5_2,Cxcr5_2,Cxcr5,53.75,amplicon-NGS/CRISPResso2
Pten*Cxcr5,Pten_4*Cxcr5_4,Pten_4,Pten,81.32,amplicon-NGS/CRISPResso2
Pten*Cxcr5,Pten_4*Cxcr5_4,Cxcr5_4,Cxcr5,62.12,amplicon-NGS/CRISPResso2
NT*Cxcr5,NT*Cxcr5_2,Cxcr5_2,Cxcr5,33.33,amplicon-NGS/CRISPResso2
NT*Cxcr5,NT*Cxcr5_4,Cxcr5_4,Cxcr5,11.81,amplicon-NGS/CRISPResso2
Pten*Tlr7,Pten_1*Tlr7_2,Pten_1,Pten,45.84,amplicon-NGS/CRISPResso2
Pten*Tlr7,Pten_1*Tlr7_2,Tlr7_2,Tlr7,70.53,amplicon-NGS/CRISPResso2
Pten*Tlr7,Pten_4*Tlr7_5,Pten_4,Pten,83.54,amplicon-NGS/CRISPResso2
Pten*Tlr7,Pten_4*Tlr7_5,Tlr7_5,Tlr7,66.76,amplicon-NGS/CRISPResso2
NT*Tlr7,NT*Tlr7_2,Tlr7_2,Tlr7,14.55,amplicon-NGS/CRISPResso2
NT*Tlr7,NT*Tlr7_5,Tlr7_5,Tlr7,55.26,amplicon-NGS/CRISPResso2
